,COD ID,RMSD_mdtraj,RMSD_Tobias,RMSD (Remove Periodicity),RMSD20,RMSD20 MAX,RMSD20 MIN,RMSD20 Mean,method,Original Energy,Minimized Energy (OpenMM),Minimized Energy (Cell Minimization),Original Energy/molecule,Minimized Energy (OpenMM)/molecule,Minimized Energy (Cell Minimization)/molecule,Original Box Vectors,Minimized Box Vectors,Original Box parameters,Minimized Box parameter
0,2105585,0.028857889,0.03572698989447113,0.03572698989447113,"[0.00435197 0.00349547 0.00360542 0.00475209 0.00750206 0.00587916
 0.00625657 0.00811633 0.01123799 0.00944037 0.0098923  0.01185757
 0.01479291 0.01326883 0.01374522 0.01467847 0.00436619 0.00393277
 0.00377299 0.00507684 0.00752223 0.00611936 0.00638384 0.00820627
 0.01133335 0.00958041 0.00998053 0.01193059 0.01479568 0.01336002
 0.01381504 0.01472394 0.00492379 0.00447814 0.00435191 0.00523315
 0.00792447 0.00649445 0.00689081 0.00848805 0.01156313 0.00983195
 0.01041065 0.01220946 0.01470088 0.01354608 0.01420024 0.01474936
 0.00507443 0.0050444  0.00490396 0.00588654 0.00805825 0.00680555
 0.00705158 0.00880407 0.01156808 0.00997729 0.01038029 0.01235752
 0.01474394 0.01360588 0.01407503 0.01460739 0.00443492 0.00385516
 0.00359651 0.0047554  0.00778403 0.00605306 0.00623087 0.00824827
 0.01151126 0.00943345 0.00991006 0.01186471 0.01478571 0.01326618
 0.01374279 0.01466173 0.00517635 0.00418833 0.00384524 0.00498163
 0.0079645  0.00627191 0.00638232 0.00821602 0.0115449  0.0095048
 0.00994506 0.01186138 0.01479291 0.01329487 0.0138092  0.01465188
 0.00497063 0.00433674 0.00435412 0.00514785 0.00815238 0.00637668
 0.00688822 0.00834122 0.01162418 0.00973992 0.01040572 0.01204185
 0.01461569 0.01346873 0.01419432 0.01488768 0.00503377 0.00499804
 0.00489949 0.00588996 0.00792186 0.00677132 0.00708631 0.00879994
 0.01151203 0.00995367 0.01042983 0.01236085 0.01478053 0.01358817
 0.0141307  0.01460885 0.00427252 0.00348834 0.00356878 0.0046683
 0.00774858 0.00595297 0.00624504 0.00809186 0.01148363 0.00954125
 0.00988318 0.01181742 0.0147725  0.01337987 0.01373637 0.01454688
 0.00461017 0.00392619 0.00385001 0.00491211 0.00778569 0.00614225
 0.00645791 0.00816597 0.01150327 0.00949294 0.01004828 0.01189906
 0.0147789  0.01338114 0.01387843 0.01457603 0.00473636 0.00475398
 0.00434595 0.00522945 0.00774594 0.00676255 0.00687737 0.00848249
 0.01139845 0.00972701 0.01039498 0.01220345 0.01427465 0.01360234
 0.01418435 0.01485315 0.00560885 0.00472968 0.0051787  0.00615449
 0.00830824 0.00681048 0.00749388 0.00918493 0.01125057 0.01013601
 0.01085607 0.01280125 0.01449269 0.01383641 0.01390008 0.01458981
 0.0046853  0.00409701 0.00359819 0.00501308 0.00819737 0.00627427
 0.00635321 0.00799554 0.01178404 0.00988089 0.00988998 0.01174175
 0.01443735 0.01372121 0.01373897 0.01454907 0.00479292 0.00422753
 0.00391453 0.00493683 0.00807098 0.00607969 0.00696848 0.00816352
 0.01181532 0.00947461 0.01056009 0.01189481 0.01444858 0.01322742
 0.013804   0.01457991 0.00518236 0.00451875 0.00474862 0.00577409
 0.0083363  0.00640544 0.00730024 0.00896017 0.01202136 0.0096946
 0.01078852 0.01263435 0.01416503 0.0133908  0.01394059 0.01469793
 0.00534031 0.00543353 0.00493614 0.0059821  0.00800999 0.00754444
 0.00739874 0.00897919 0.01149663 0.00981022 0.0108381  0.01248242
 0.01398683 0.01289925 0.01417105 0.01449637]",0.01488767914885523,0.0034883418387555327,0.009282740083201641,L-BFGS-B,167244.49983226112 kJ/mol,-1682.9357146138755 kJ/mol,-1775.0244244743299 kJ/mol,653.29882746977 kJ/mol,-6.573967635210451 kJ/mol,-6.933689158102851 kJ/mol,"[[2.6564 0.     0.    ]
 [0.     2.8436 0.    ]
 [0.     0.     4.6376]]","[[ 2.65497221e+00  0.00000000e+00  0.00000000e+00]
 [-1.57234883e-06  2.83048330e+00  0.00000000e+00]
 [-2.24530168e-04  2.96404007e-04  4.69515734e+00]]",[ 2.6564  2.8436  4.6376 90.     90.     90.    ],[ 2.65497221  2.8304833   4.69515736 89.99638293 90.00273998 90.00003183]
1,2015769,0.69332105,0.714681675723282,0.714681675723282,"[0.34659353 0.29964601 0.42387741 0.23810865 0.29140269 0.42421397
 0.38759329 0.29158155 0.29181507 0.42488049 0.41247661 0.33683955
 0.34660827 0.24471264 0.34613063 0.23813025 0.29141887 0.34640385
 0.34667378 0.29162278 0.29183136 0.38786125 0.37658444 0.33685268
 0.3001599  0.24504769 0.24484707 0.29127709 0.33631667 0.24503377
 0.24523443 0.33656901 0.33681479 0.30049406 0.33688382 0.37657654
 0.30036722 0.00817527 0.00764873 0.17304204 0.17316768 0.00773656
 0.00751758 0.1733061  0.1734446  0.00778593 0.30054887 0.30043065
 0.30038424 0.00907914 0.00854297 0.17306504 0.17320146 0.00857324
 0.00835834 0.17332904 0.17347714 0.00847469 0.30056771 0.30044391
 0.24533124 0.17323914 0.24489319 0.17312287 0.17326687 0.2450718
 0.24526436 0.17339943 0.17354613 0.30051192 0.30053037 0.34691176
 0.00801026 0.0108896  0.0103886  0.17311889 0.17323464 0.01020291
 0.00984    0.17336365 0.17348795 0.00984654 0.17361982 0.24536911
 0.00862439 0.01167184 0.01100779 0.17314269 0.17326774 0.01093263
 0.01040769 0.17338381 0.17352048 0.01048538 0.17368766 0.24538535
 0.00959072 0.01195152 0.01170805 0.17319537 0.17333311 0.01127479
 0.01114988 0.17344325 0.17358946 0.01086515 0.17372982 0.30050343
 0.01086335 0.01388568 0.01328503 0.01006972 0.00962397 0.0130416
 0.01260511 0.0092842  0.00883022 0.01243522 0.01143716 0.00849499
 0.0113238  0.01455313 0.0138249  0.01049169 0.01017129 0.01368602
 0.01325835 0.0096164  0.00948092 0.01303132 0.2399664  0.00896521
 0.01199571 0.01458013 0.014254   0.01124891 0.01122967 0.01375792
 0.01351024 0.01053853 0.01066928 0.01312658 0.24278736 0.01031925
 0.01391442 0.01696104 0.01624399 0.01312535 0.01261407 0.01607018
 0.01585557 0.01223463 0.01169383 0.01532583 0.01423422 0.01122118
 0.01427667 0.01758144 0.01681859 0.01343404 0.01303645 0.01641527
 0.01616696 0.01245038 0.01218446 0.01585704 0.16890026 0.01158145
 0.01474936 0.16862343 0.16872123 0.01396977 0.01387732 0.168809
 0.16891289 0.01310754 0.01312993 0.16900862 0.23838971 0.012681
 0.16894886 0.29115773 0.33621193 0.16851571 0.16859145 0.33646891
 0.2917885  0.16869561 0.16877966 0.33697332 0.33692597 0.16887052
 0.16898129 0.29140436 0.33615451 0.16853008 0.16862261 0.33640409
 0.3366558  0.16870786 0.16881311 0.33690769 0.29188753 0.16889414
 0.01711929 0.23824167 0.23804168 0.16856839 0.16869089 0.23819263
 0.23836118 0.16875307 0.16888397 0.29186501 0.29178811 0.16897479
 0.33689507 0.33627052 0.41152159 0.16879607 0.16887    0.41184005
 0.41215515 0.16893796 0.16903672 0.44544444 0.37661258 0.16908663
 0.3369094  0.29145694 0.33619726 0.16879287 0.16887336 0.33644615
 0.33669558 0.16894978 0.16903973 0.37657912 0.37657657 0.16911116
 0.33673125 0.29149432 0.23806602 0.23810704 0.2382611  0.23822466
 0.23838191 0.23841822 0.23857689 0.29188328 0.33683292 0.29186787]",0.445444437166805,0.007517584568468333,0.16709455610674276,L-BFGS-B,41326.44035218087 kJ/mol,5971.674727180871 kJ/mol,5798.060389936043 kJ/mol,163.99381092135266 kJ/mol,23.697121933257424 kJ/mol,23.008176150539853 kJ/mol,"[[ 2.7475     0.         0.       ]
 [ 0.         3.1044     0.       ]
 [-0.4293211  0.         4.8973179]]","[[ 2.66554029e+00  0.00000000e+00  0.00000000e+00]
 [-3.17024136e-06  3.13113472e+00  0.00000000e+00]
 [-4.27905588e-01 -1.80655114e-04  4.88138515e+00]]",[ 2.7475  3.1044  4.9161 90.     95.01   90.    ],[ 2.66554029  3.13113472  4.90010451 90.00210729 95.00978134 90.00005801]
2,2219974,0.019022388,0.017504413856633018,0.017504413856633018,"[0.00526627 0.00489731 0.00500817 0.005426   0.00529337 0.00484704
 0.00492802 0.00543301 0.00535574 0.00493974 0.00501876 0.00540693
 0.00541909 0.00496166 0.0049101  0.00541895 0.00547352 0.00502177
 0.00496272 0.00539659 0.00553129 0.00511718 0.00497675 0.00536033
 0.00547415 0.00527066 0.00510306 0.00527497 0.00549362 0.00467135
 0.0050908  0.0056414  0.00551957 0.00469694 0.00507542 0.00562235
 0.00555092 0.00473006 0.00506772 0.0056147  0.00558837 0.00447938
 0.0048198  0.00561034 0.00584964 0.00453566 0.0048149  0.00584613
 0.00578313 0.00485248 0.00481947 0.00573395 0.00552061 0.00499221
 0.0053452  0.00524451 0.0054102  0.00475024 0.00511856 0.0052699
 0.0054183  0.00484331 0.00509724 0.00537015 0.00548944 0.00483697
 0.00511192 0.0052728  0.00551888 0.0050321  0.00504006 0.00539335
 0.00558524 0.00509067 0.00503605 0.00526774 0.00561836 0.00503279
 0.00504808 0.00521437 0.00556182 0.00528765 0.0051438  0.00519494
 0.0055756  0.00426033 0.00516234 0.00561022 0.00560091 0.00429651
 0.00514683 0.0055863  0.00563191 0.00465041 0.00513952 0.00558348
 0.00566889 0.00439321 0.00489526 0.0055711  0.00592681 0.00445487
 0.00489035 0.00581681 0.00586643 0.00477295 0.0050254  0.00570301
 0.00548316 0.00477331 0.00538481 0.00537488 0.00537102 0.00497336
 0.00523168 0.00518148 0.00539818 0.00505501 0.00523183 0.00508954
 0.0053922  0.00506263 0.0052088  0.00514026 0.00547768 0.00508822
 0.0052163  0.00508011 0.00551795 0.00510318 0.00522034 0.00513476
 0.00552667 0.00530029 0.00523733 0.00512833 0.00552895 0.00522825
 0.00525634 0.00503419 0.00556138 0.0049844  0.00534991 0.00544289
 0.0055899  0.00499321 0.00533911 0.00543263 0.00561062 0.00501482
 0.00533523 0.00542437 0.00564442 0.00489798 0.00533018 0.00541977
 0.00568729 0.0049471  0.0053333  0.00544468 0.00562055 0.00481884
 0.00544738 0.00534389 0.00530853 0.0050248  0.0055513  0.00511276
 0.00529444 0.00503355 0.00536544 0.00489753 0.00532143 0.00517349
 0.0053616  0.00489547 0.0053542  0.00520602 0.00536225 0.00490044
 0.00542722 0.00512175 0.00533239 0.00491148 0.00543608 0.00517057
 0.00532998 0.00492035 0.00546459 0.00519934 0.00538612 0.00494699
 0.0055089  0.09158973 0.00534279 0.00497379 0.00525529 0.00481356
 0.00572132 0.00499708 0.00528232 0.00482892 0.00571438 0.00499508
 0.00531519 0.00485254 0.00571413 0.0049999  0.00535353 0.00488047
 0.00569186 0.00501087 0.00539789 0.00490112 0.00569474 0.00501936
 0.00542696 0.00486636 0.00573199 0.00504595 0.00530924 0.22407419
 0.00561452 0.07656358]",0.2240741855857152,0.004260331983314156,0.006915762101195414,L-BFGS-B,37833.86539123967 kJ/mol,-168.9627337603306 kJ/mol,-178.40944476980076 kJ/mol,168.90118478231994 kJ/mol,-0.7542979185729044 kJ/mol,-0.7964707355794676 kJ/mol,"[[2.5288 0.     0.    ]
 [0.     4.9584 0.    ]
 [0.     0.     2.6978]]","[[ 2.53289137e+00  0.00000000e+00  0.00000000e+00]
 [-3.33617686e-05  4.95115411e+00  0.00000000e+00]
 [ 6.91614882e-14  8.77948097e-06  2.70200462e+00]]",[ 2.5288  4.9584  2.6978 90.     90.     90.    ],[ 2.53289137  4.95115411  2.70200462 89.99981383 90.         90.00038607]
3,2212364,0.89029026,0.9726771687605176,0.9726771687605176,"[0.26032289 0.39673602 0.26033837 0.21362464 0.42344018 0.44989589
 0.29986593 0.26035898 0.49871694 0.49633421 0.47492593 0.49628787
 0.49640365 0.47504622 0.49756623 0.53985878 0.2164591  0.29854299
 0.26034365 0.21362893 0.3679745  0.47494269 0.30188498 0.3018674
 0.49874083 0.47244668 0.47493275 0.44992363 0.45001489 0.47504679
 0.52030909 0.49756727 0.21649865 0.3664163  0.26035802 0.15339821
 0.33686262 0.4234179  0.2998903  0.21648824 0.47623971 0.47247439
 0.44994392 0.39969406 0.42493618 0.4750221  0.49758306 0.42768377
 0.01260574 0.14930381 0.01280189 0.14909283 0.26263396 0.30186559
 0.1493155  0.01267678 0.42675384 0.54096635 0.33653259 0.30183364
 0.55984699 0.49878332 0.39695504 0.36963012 0.01297134 0.14934131
 0.01278006 0.14909688 0.26265186 0.30188036 0.14931546 0.01273108
 0.37126633 0.582189   0.29986824 0.26262455 0.53986564 0.52147207
 0.39695826 0.37123178 0.01361554 0.14938199 0.01321979 0.01364129
 0.26268406 0.33475797 0.14936444 0.15338589 0.37128911 0.49636097
 0.29988749 0.26499198 0.47500489 0.52148205 0.39697084 0.34196061
 0.01289281 0.01272291 0.1530737  0.14899511 0.15330133 0.01267705
 0.01275174 0.01272703 0.21359671 0.26031389 0.15328929 0.01284194
 0.30390487 0.33481247 0.21081325 0.01281032 0.0128739  0.14934751
 0.1530757  0.14899152 0.15333034 0.01307526 0.01275188 0.01263742
 0.21646986 0.30187431 0.01277564 0.15328467 0.26499654 0.36806309
 0.21364718 0.15332292 0.0135226  0.14939398 0.15311662 0.01347295
 0.15338613 0.14943351 0.01342698 0.01338185 0.21650891 0.29990722
 0.14938849 0.15334805 0.30394895 0.39848363 0.2108425  0.26496465
 0.01297074 0.15301891 0.1529748  0.01214262 0.14901223 0.01260458
 0.21599101 0.14894484 0.14907823 0.01276651 0.15304037 0.14901038
 0.26007048 0.1493434  0.15308155 0.14903596 0.01279078 0.0129129
 0.15302061 0.01243088 0.01282382 0.01295575 0.15299124 0.14895883
 0.01284175 0.0129638  0.15304352 0.14900793 0.2600801  0.14935147
 0.15308788 0.14904137 0.01344268 0.01376012 0.15304859 0.01310495
 0.01347446 0.01368993 0.15305438 0.01314057 0.01350717 0.14938541
 0.15309274 0.14903794 0.21350561 0.14937128 0.15311974 0.14908428
 0.01288269 0.012961   0.21284783 0.21279534 0.01257774 0.15294724
 0.01311203 0.01208903 0.14900632 0.21602871 0.1529566  0.01269401
 0.29719308 0.26458182 0.21598989 0.14891725 0.01257992 0.01328045
 0.14880671 0.21279864 0.01254447 0.15299938 0.01311295 0.01242949
 0.14899199 0.15303199 0.0132229  0.01246171 0.25747022 0.21609862
 0.15299732 0.1489369  0.01324841 0.01405496 0.21289296 0.1527474
 0.01316765 0.15305117 0.01392257 0.01295848 0.14905007 0.15309222
 0.01384714 0.0129919  0.2103871  0.21611557 0.15303856 0.01314346
 0.0127692  0.14865245 0.33512921 0.33509144 0.14868983 0.01269903
 0.14869903 0.21266321 0.15266962 0.14875654 0.14872582 0.26151649
 0.15271819 0.26192795 0.20996023 0.30260917 0.01262429 0.14869077
 0.29861952 0.33510393 0.15262445 0.01314233 0.14872435 0.21268038
 0.15267029 0.14876759 0.14874305 0.26151632 0.15272469 0.26193107
 0.20997603 0.30261784 0.01333668 0.14876801 0.33515075 0.26384713
 0.15267693 0.14879379 0.14878597 0.21549217 0.15272344 0.14882705
 0.20996517 0.2637942  0.15275229 0.26194606 0.25701311 0.26387566
 0.26380595 0.20985861 0.36639699 0.42345687 0.30250541 0.20987931
 0.29852292 0.33501497 0.30258461 0.33334976 0.39519262 0.39816828
 0.3680794  0.25693466 0.36645808 0.3982556  0.30256957 0.25694027
 0.36640314 0.42346673 0.30251018 0.20989118 0.29854252 0.33502894
 0.30259627 0.25691847 0.39519088 0.39817787 0.39829092 0.25693774
 0.39525464 0.39826402 0.33688755 0.25696524 0.36642324 0.33866695
 0.30253872 0.25697179 0.29855953 0.30054943 0.3026245  0.29663456
 0.39521093 0.33863038 0.36969846 0.29662309 0.39526721 0.37127001]",0.5821890008698889,0.01208902600920316,0.22054786108101587,L-BFGS-B,-93657.09122320983 kJ/mol,-146477.23575445983 kJ/mol,-146528.4795729542 kJ/mol,-278.7413429262197 kJ/mol,-435.94415403113044 kJ/mol,-436.096665395697 kJ/mol,"[[ 2.7636      0.          0.        ]
 [ 0.          5.2149      0.        ]
 [-0.67290598  0.          3.04534251]]","[[ 2.75118246e+00  0.00000000e+00  0.00000000e+00]
 [-4.52633040e-05  5.23791093e+00  0.00000000e+00]
 [-6.72624788e-01 -3.18943959e-05  3.04465009e+00]]",[  2.7636   5.2149   3.1188  90.     102.46    90.    ],"[  2.75118246   5.23791093   3.11806323  90.00047927 102.45769981
  90.00049512]"
4,1516412,0.75379276,0.7924270317680788,0.7924270317680788,"[0.28909911 0.28933691 0.28907645 0.00698756 0.40877089 0.45738705
 0.35432566 0.40878175 0.4569892  0.45738062 0.45737566 0.40875707
 0.28909922 0.40913678 0.28907883 0.0069635  0.40877097 0.45738908
 0.45740428 0.40877822 0.45698928 0.50103092 0.45737817 0.40876051
 0.28909682 0.50105156 0.28907984 0.00692438 0.40876628 0.57854097
 0.50105224 0.40877852 0.40875828 0.47580687 0.54117425 0.40875427
 0.00715991 0.20447085 0.00676148 0.35416852 0.00757261 0.2044527
 0.20446124 0.00737341 0.00804655 0.2890607  0.20444531 0.0078469
 0.00716475 0.20447631 0.20447734 0.3541682  0.00757709 0.35400741
 0.28908553 0.00736349 0.00805113 0.28906064 0.35400164 0.00785684
 0.00705106 0.28908967 0.20447896 0.28920387 0.00729196 0.35401037
 0.354021   0.00714131 0.28911539 0.28907637 0.3540047  0.00746095
 0.28928427 0.00665352 0.00674372 0.00701788 0.45725414 0.00655075
 0.00658525 0.50090668 0.45723746 0.00677143 0.00655001 0.50087709
 0.28928373 0.00678155 0.00686729 0.2046126  0.45725422 0.00690563
 0.00676985 0.50090681 0.45723754 0.00675974 0.007021   0.50087733
 0.28928048 0.00697504 0.00691456 0.00698993 0.4089943  0.00708747
 0.00699673 0.40900652 0.40898713 0.28907644 0.00717305 0.40898234
 0.00715052 0.00679189 0.00680682 0.28932136 0.20466944 0.00680071
 0.00676007 0.00727752 0.28934496 0.00675045 0.00685528 0.00764963
 0.00715962 0.00694153 0.0068701  0.35430936 0.20466975 0.00708381
 0.00696942 0.00737772 0.40911712 0.0070997  0.0071766  0.00765514
 0.0070497  0.00697622 0.20463875 0.28932056 0.20465659 0.00721243
 0.00699062 0.00711082 0.41529745 0.2046654  0.00732259 0.2046539
 0.57854292 0.28933856 0.28933018 0.61362849 0.57853954 0.28931801
 0.28932746 0.57855697 0.51339578 0.28931313 0.28931961 0.54117078
 0.57854305 0.28934142 0.28933106 0.61362853 0.57853734 0.35432016
 0.35433064 0.57855695 0.48125872 0.28932589 0.35431459 0.54117082
 0.50104871 0.28934561 0.28933364 0.50104169 0.5010399  0.35432554
 0.35433507 0.57854645 0.45435745 0.35432839 0.35432093 0.50103181]",0.6136285294235675,0.006550005117859699,0.2532114495442654,L-BFGS-B,-38312.91035808496 kJ/mol,-67890.01192058496 kJ/mol,-67899.9032535916 kJ/mol,-212.8495019893609 kJ/mol,-377.16673289213867 kJ/mol,-377.22168474217557 kJ/mol,"[[ 2.7345      0.          0.        ]
 [ 0.          3.1587      0.        ]
 [-0.47533412  0.          3.50642834]]","[[ 2.73690730e+00  0.00000000e+00  0.00000000e+00]
 [-9.89514308e-06  3.15704130e+00  0.00000000e+00]
 [-4.74148655e-01 -1.30023602e-05  3.49766488e+00]]",[ 2.7345  3.1587  3.5385 90.     97.72   90.    ],[ 2.7369073   3.1570413   3.52965672 90.00018694 97.72004048 90.00017958]
5,2012267,0.9627425,1.1155612748684454,1.1155612748684454,"[0.30028513 0.00697107 0.30199192 0.55717552 0.60165479 0.30199663
 0.72919419 0.72978643 0.86990927 0.86801767 0.73081705 0.66779768
 0.30028852 0.00716053 0.30199689 0.55717663 0.60165652 0.30200168
 0.72974072 0.75934779 0.86977323 0.86801937 0.75997947 0.63355921
 0.30029731 0.00729772 0.37003516 0.63177294 0.6020066  0.21361551
 0.7301172  0.72941761 0.86920439 0.81544905 0.73013735 0.59734987
 0.30029632 0.21181081 0.36948176 0.66557221 0.56337248 0.36934984
 0.73038012 0.6986731  0.78818422 0.75942706 0.66663566 0.63278028
 0.29883699 0.42342833 0.00710164 0.29962806 0.42371442 0.36681664
 0.00703386 0.36777922 0.4243998  0.36739186 0.47587824 0.60335938
 0.29883869 0.3667313  0.2994882  0.29963109 0.42371688 0.36682103
 0.0075052  0.36778085 0.42440267 0.36740945 0.52161442 0.60290257
 0.29884421 0.36598226 0.29949375 0.29963558 0.36698004 0.42327861
 0.29995329 0.3677858  0.36758128 0.30005813 0.47615934 0.60244833
 0.29884599 0.36524183 0.30053448 0.29965329 0.29968769 0.29940122
 0.47581472 0.52140201 0.47521817 0.36824695 0.56387773 0.63989708
 0.51601423 0.59699776 0.29905603 0.29767451 0.51673618 0.63222342
 0.29948432 0.36659099 0.5586519  0.59649925 0.42371678 0.36564642
 0.51601543 0.59700055 0.29905088 0.29767771 0.51673825 0.59597057
 0.29950216 0.36659266 0.55865414 0.55780906 0.36698933 0.36565676
 0.51627853 0.633095   0.4231298  0.29768329 0.51620466 0.55736012
 0.29949917 0.36660031 0.55853539 0.55759442 0.47296405 0.36567071
 0.51600982 0.59665923 0.4721174  0.2976951  0.47139415 0.55807799
 0.36565323 0.36647257 0.59648728 0.63213676 0.47219192 0.42252481]",0.8699092746800788,0.006971072240928145,0.46275125016693724,L-BFGS-B,-7466.311917754516 kJ/mol,-41100.339261504516 kJ/mol,-41199.38875118247 kJ/mol,-51.84938831773969 kJ/mol,-285.4190226493369 kJ/mol,-286.10686632765606 kJ/mol,"[[ 2.5536      0.          0.        ]
 [ 0.          2.6276      0.        ]
 [-1.01867421  0.          2.89914078]]","[[ 2.52401441e+00  0.00000000e+00  0.00000000e+00]
 [-1.92046497e-05  2.61640007e+00  0.00000000e+00]
 [-1.00998966e+00  1.54879753e-05  2.87464380e+00]]",[  2.5536   2.6276   3.0729  90.     109.36    90.    ],"[  2.52401441   2.61640007   3.04690927  89.99956935 109.35863356
  90.00042056]"
6,2201001,0.046404857,0.08895752832244216,0.08895752832244216,"[0.01670424 0.01836561 0.01875311 0.0143699  0.01715231 0.02002339
 0.02031504 0.01822684 0.02150817 0.02418205 0.02438033 0.02143956
 0.02317459 0.03079926 0.02665206 0.02109314 0.02577438 0.0315346
 0.02927398 0.02472077 0.02903227 0.03453881 0.03155391 0.02728241
 0.03642041 0.03747339 0.03631906 0.03195596 0.0378325  0.03835661
 0.03844494 0.03295774 0.0392382  0.04002069 0.03903094 0.0358035
 0.01856918 0.02254462 0.02085676 0.01712234 0.01977148 0.02446587
 0.02395039 0.02136213 0.02347294 0.02771509 0.02685566 0.0243299
 0.02562057 0.03314382 0.02965353 0.02384668 0.02824499 0.03375015
 0.03125733 0.02610348 0.03073681 0.03622217 0.03368961 0.02806295
 0.03752004 0.03942203 0.03858873 0.03298709 0.03939318 0.04018296
 0.04064765 0.0342731  0.04046534 0.041713   0.04042326 0.03792472
 0.02265066 0.02860257 0.02693761 0.02265164 0.02458355 0.02992896
 0.02906306 0.02537323 0.02797787 0.03242943 0.03125307 0.02834989
 0.0296513  0.03742217 0.03326658 0.02676003 0.03210509 0.03764067
 0.03547276 0.02915169 0.03324164 0.03912063 0.037422   0.03196421
 0.03958467 0.04209434 0.04257495 0.03581782 0.0408155  0.04277606
 0.04401243 0.03729213 0.0416122  0.044277   0.04332343 0.04025669
 0.02991379 0.03368349 0.03196856 0.03001751 0.0313258  0.03433226
 0.03409551 0.02979347 0.03236919 0.03592762 0.03460895 0.03352683
 0.03593996 0.03910194 0.03872135 0.03261536 0.03680072 0.03910302
 0.04023179 0.03392502 0.03774784 0.04135643 0.03967227 0.03673042
 0.04273681 0.04434288 0.04368487 0.04035103 0.04360328 0.04488341
 0.04451811 0.04208412 0.04426772 0.04501412 0.1469739  0.04226164]",0.14697390295593676,0.014369900586584664,0.033370019104043455,L-BFGS-B,-22769.44705308556 kJ/mol,-64902.99783433556 kJ/mol,-65415.12905847754 kJ/mol,-158.12116009087194 kJ/mol,-450.71526273844137 kJ/mol,-454.2717295727607 kJ/mol,"[[ 2.8068      0.          0.        ]
 [ 0.          3.0687      0.        ]
 [-0.11665752  0.          2.60919341]]","[[ 2.71734048e+00  0.00000000e+00  0.00000000e+00]
 [ 5.19585539e-05  2.95575815e+00  0.00000000e+00]
 [-1.14228600e-01  7.96708976e-06  2.55326638e+00]]",[ 2.8068  3.0687  2.6118 90.     92.56   90.    ],[ 2.71734048  2.95575815  2.5558203  89.99986641 92.56160322 89.99899281]
7,2238479,0.71795154,0.774914475531906,0.774914475531906,"[0.25724679 0.25701571 0.31456636 0.18154059 0.40652942 0.51650316
 0.4829699  0.3637789  0.54770944 0.51621944 0.51647118 0.57748664
 0.18196027 0.25701612 0.25693412 0.18154032 0.40653006 0.4471997
 0.44722114 0.36377913 0.54769967 0.51634352 0.51647026 0.60570077
 0.25724984 0.18196113 0.25693284 0.25697519 0.40655702 0.44733405
 0.44735536 0.3637796  0.48303938 0.48320372 0.51660438 0.54782741
 0.00472503 0.00467107 0.00444254 0.00472646 0.00515419 0.18195431
 0.18196389 0.00487782 0.31442808 0.44489969 0.36341971 0.18159968
 0.00486394 0.00468507 0.00451537 0.0045947  0.00523735 0.25728372
 0.18196413 0.00486388 0.36336206 0.40618517 0.36341873 0.18159913
 0.00489412 0.18196266 0.00445905 0.00469967 0.18159462 0.36359207
 0.1819641  0.00493944 0.36336262 0.36337842 0.40635035 0.25674246
 0.31588201 0.00479201 0.2573159  0.18248524 0.36451956 0.00534276
 0.00495655 0.4076374  0.31555296 0.18162606 0.00564805 0.36446777
 0.31588391 0.18190583 0.18198204 0.18248298 0.36452075 0.0054079
 0.18188106 0.40763759 0.31555053 0.314422   0.00565435 0.36446846
 0.25794864 0.00496327 0.18198202 0.18248647 0.31567554 0.18189312
 0.18187988 0.36459838 0.31555118 0.25696238 0.00568776 0.3156291
 0.18284369 0.00502857 0.00491368 0.00528033 0.18280117 0.00550766
 0.00514663 0.18282427 0.31637051 0.36403399 0.2575368  0.18278527
 0.18284891 0.18234911 0.00503745 0.00525252 0.1828024  0.25748868
 0.18232006 0.18282338 0.36516251 0.36403573 0.25753584 0.18278733
 0.18284964 0.00512138 0.18275287 0.18282121 0.25834647 0.18211226
 0.25765477 0.25845519 0.36516261 0.3156746  0.25751744 0.25831348
 0.44761058 0.2582568  0.3650785  0.48318461 0.44734893 0.25848079
 0.31635712 0.44763693 0.44716175 0.40812914 0.31652647 0.4472946
 0.44761202 0.25825796 0.31627319 0.483184   0.44750393 0.31657065
 0.3163589  0.44763715 0.4472938  0.40812896 0.36546276 0.44729422
 0.36546927 0.36531491 0.25817515 0.40843673 0.44750493 0.36533307
 0.31635688 0.40866082 0.40827481 0.36529739 0.36531252 0.48318318]",0.6057007745754223,0.004442543116319486,0.26980095066468485,L-BFGS-B,-6074.116319409281 kJ/mol,-40515.28038190928 kJ/mol,-40543.886900865065 kJ/mol,-33.74509066338489 kJ/mol,-225.08489101060712 kJ/mol,-225.24381611591704 kJ/mol,"[[ 2.438       0.          0.        ]
 [ 0.          3.6306      0.        ]
 [-0.46653636  0.          2.90943214]]","[[ 2.44966275e+00  0.00000000e+00  0.00000000e+00]
 [-3.69059322e-05  3.62537253e+00  0.00000000e+00]
 [-4.68631211e-01 -3.13681436e-07  2.92283936e+00]]",[ 2.438   3.6306  2.9466 90.     99.11   90.    ],[ 2.44966275  3.62537253  2.96016979 89.99991373 99.10894814 90.00058327]
8,7151616,0.024717055,0.046295086614487065,0.046295086614487065,"[0.00785414 0.00569343 0.0063993  0.00913464 0.01273853 0.01004254
 0.01216238 0.01478812 0.00754101 0.00694692 0.00717114 0.00983211
 0.01344084 0.01083047 0.01228029 0.01533878 0.00898566 0.00840964
 0.00792113 0.010709   0.01469423 0.01216284 0.01267449 0.01609076
 0.01014997 0.00964571 0.00970062 0.01203915 0.0152914  0.0128855
 0.01382164 0.01667738 0.00832182 0.00595352 0.00711168 0.0097433
 0.01294878 0.01040874 0.01255743 0.01519857 0.00810865 0.00716394
 0.00783553 0.01041673 0.01364799 0.01107577 0.01295298 0.01566504
 0.00930288 0.00881114 0.00854523 0.01123965 0.01491383 0.01246084
 0.01309099 0.01622609 0.01038181 0.01000724 0.01019129 0.0124792
 0.01547124 0.01315551 0.01430234 0.01698658 0.00846949 0.00720535
 0.00838541 0.01082925 0.01349542 0.01108704 0.0132981  0.0158733
 0.00913335 0.0082869  0.00904592 0.01143906 0.01423789 0.01183608
 0.01367956 0.01633016 0.01007383 0.00970637 0.00968652 0.01216899
 0.01539646 0.01306815 0.01382182 0.01679355 0.01104718 0.01080888
 0.01126107 0.01326523 0.01592547 0.01376773 0.01493416 0.01755586
 0.00974671 0.00870775 0.00939557 0.01191148 0.01481012 0.01225231
 0.01383002 0.01689    0.01057084 0.00961276 0.00988675 0.01216485
 0.01504402 0.01286964 0.01419469 0.01676253 0.01162391 0.01091866
 0.01079619 0.01321017 0.01619888 0.0140705  0.01484212 0.01774991
 0.01226549 0.0118798  0.01212778 0.01409464 0.0166812  0.01463048
 0.01569288 0.01834433 0.01214214 0.01023724 0.01124815 0.01320018
 0.01561031 0.01334944 0.01515909 0.01803609 0.01186911 0.01101424
 0.01169333 0.0135519  0.01598527 0.01388123 0.01543797 0.0180818
 0.01195257 0.01216005 0.01269074 0.01443897 0.01651048 0.01480569
 0.01627236 0.01877667 0.01325316 0.12215107 0.0136873  0.01544909
 0.01770688 0.1183282  0.01692819 0.01868852 0.01263743 0.01206241
 0.01297935 0.01470015 0.01697771 0.01468153 0.01653873 0.0186425
 0.01337846 0.01275497 0.0135084  0.01527791 0.01707587 0.01525533
 0.0168652  0.01896125 0.01353405 0.01379623 0.01379589 0.01596313
 0.01765164 0.01613536 0.01722889 0.01928425 0.01495297 0.12224889
 0.09958411 0.01579306 0.01863414 0.12252799 0.11429872 0.01886442
 0.0142698  0.01342914 0.01347012 0.01519685 0.01785647 0.01569663
 0.01697311 0.01884053 0.01467657 0.01410985 0.01381111 0.01559731
 0.01803926 0.01627002 0.05270391 0.01922133 0.01514403 0.01452091
 0.05947002 0.01608133 0.01844997 0.01689337 0.08148418 0.01933878
 0.01543873 0.14945975 0.09960944 0.01624893 0.01878906 0.14969656
 0.11431385 0.11728154]",0.14969655613525695,0.005693432231872887,0.01928433694552229,L-BFGS-B,-4550.579638541189 kJ/mol,-28467.64213854119 kJ/mol,-28885.888439927563 kJ/mol,-20.315087672058876 kJ/mol,-127.08768811848745 kJ/mol,-128.95485910681947 kJ/mol,"[[2.6159 0.     0.    ]
 [0.     2.4816 0.    ]
 [0.     0.     5.7706]]","[[ 2.66631279e+00  0.00000000e+00  0.00000000e+00]
 [ 2.83538890e-06  2.51515397e+00  0.00000000e+00]
 [ 6.48013237e-06 -2.85907416e-05  5.82174213e+00]]",[ 2.6159  2.4816  5.7706 90.     90.     90.    ],[ 2.66631279  2.51515397  5.82174213 90.00028138 89.99993622 89.99993541]
9,2203241,1.1605821,1.2691949207984248,1.2691949207984248,"[0.736575   0.45708461 0.73036612 0.38857194 0.53650628 0.54551418
 0.56645535 0.21416539 0.5244536  0.30284394 0.37090185 0.37092526
 0.42821749 0.21416638 0.42824209 0.30285303 0.37091478 0.32258159
 0.42822629 0.21417673 0.37088368 0.71661756 0.87437299 0.78202723
 0.63455943 0.45711343 0.59169013 0.3885903  0.53651417 0.45115024
 0.37084111 0.00737275 0.37088805 0.21420303 0.30287383 0.21424635
 0.37084786 0.00669343 0.37088225 0.21422524 0.37091693 0.32258881
 0.37087472 0.21419721 0.30284894 0.68391283 0.87439322 0.72105113
 0.51264754 0.45714525 0.45848406 0.32433332 0.32326989 0.39713766
 0.00484578 0.0083113  0.00531635 0.00764431 0.00785596 0.00824909
 0.00532925 0.00755932 0.00587724 0.00808085 0.00726566 0.26559968
 0.00541873 0.00767527 0.21421595 0.64773563 0.75926935 0.68682863
 0.45855063 0.39594514 0.39709062 0.32435857 0.3232958  0.39716661
 0.00546413 0.0087379  0.0058389  0.00795852 0.00847582 0.0083889
 0.00628963 0.00833323 0.00648775 0.00885166 0.00784687 0.17165501
 0.00620388 0.00813778 0.00679458 0.64776661 0.7593019  0.64772303
 0.45857651 0.39598551 0.39711643 0.32439569 0.32332797 0.3972026
 0.00633594 0.00984803 0.00667293 0.009209   0.00930961 0.00919552
 0.00724085 0.00963302 0.00734755 0.00990223 0.00864488 0.18339549
 0.00712277 0.00933326 0.00767564 0.60586298 0.75933647 0.64750048
 0.45860675 0.3960057  0.39714614 0.45796499 0.32335786 0.53581721
 0.00737242 0.01075265 0.00766095 0.0103102  0.00983439 0.11001642
 0.00793475 0.00994608 0.00836282 0.09927217 0.00884535 0.1833941
 0.00757174 0.00952847 0.00794903 0.51214962 0.72415464 0.5607925
 0.39720187 0.32341111 0.32432042 0.49500226 0.45791038 0.5455038
 0.00794436 0.2141482  0.00854038 0.37086299 0.00950931 0.37092262
 0.0081033  0.37083558 0.00850897 0.30284637 0.00959019 0.32258012
 0.00771579 0.30281507 0.0081186  0.74789101 0.60585335 0.78200744]",0.8743932152915724,0.004845776470113586,0.27857702379741256,L-BFGS-B,-10563.287678439825 kJ/mol,-53130.039631564825 kJ/mol,-53198.22021965352 kJ/mol,-62.87671237166562 kJ/mol,-316.25023590217154 kJ/mol,-316.65607273603285 kJ/mol,"[[2.7825     0.         0.        ]
 [0.07145008 2.9659395  0.        ]
 [0.09799242 0.90486855 3.73675346]]","[[2.75483389 0.         0.        ]
 [0.07147963 2.96915925 0.        ]
 [0.09835912 0.90949957 3.75596158]]",[ 2.7825  2.9668  3.846  76.36   88.54   88.62  ],[ 2.75483389  2.97001952  3.86576142 76.36034897 88.54202835 88.62092597]
