#"Step","Potential Energy (kJ/mole)","Temperature (K)","Density (g/mL)"
1,49.90249683418361,334.1287504931387,0.006671086812409914
2,78.08535880135265,234.122517928374,0.006671086812409914
3,92.06298648349258,187.11062092870256,0.006671086812409914
4,82.42340754655221,219.20396852328042,0.006671086812409914
5,64.41744526273138,278.49141322968495,0.006671086812409914
6,59.55115617274231,300.7028419310694,0.006671086812409914
7,72.63421786542,252.76520681569693,0.006671086812409914
8,88.06137264443038,199.82901238515106,0.006671086812409914
9,87.86891321903971,194.34891308020735,0.006671086812409914
10,72.96499146682726,244.13042673890513,0.006671086812409914
11,61.60800555772524,296.05620686369275,0.006671086812409914
12,68.57593431660769,275.80898078422496,0.006671086812409914
13,86.91124572202622,212.13453489029715,0.006671086812409914
14,95.4566889322834,180.00277643088532,0.006671086812409914
15,83.2536775676094,227.14102661148053,0.006671086812409914
16,60.538353043306934,313.04460710022215,0.006671086812409914
17,49.383511617024155,351.46975782432065,0.006671086812409914
18,57.68495905678281,317.52242628329805,0.006671086812409914
19,74.06414650195987,266.1613188521121,0.006671086812409914
20,82.54124831379299,234.04909541703984,0.006671086812409914
21,77.31985354841576,253.8283054583655,0.006671086812409914
22,67.39618577806625,284.9524870736592,0.006671086812409914
23,65.17491253800577,306.0258849732603,0.006671086812409914
24,72.78085209985383,277.0997870492108,0.006671086812409914
25,80.02862770762952,254.58724320334218,0.006671086812409914
26,78.2802315466561,259.68020317590583,0.006671086812409914
27,70.7037254287404,286.00338490323907,0.006671086812409914
28,69.10146376899895,293.16603811493354,0.006671086812409914
29,78.26423206447186,251.2881838766518,0.006671086812409914
30,89.19809632306041,218.7520538838401,0.006671086812409914
31,89.2377970558549,218.08571140316795,0.006671086812409914
32,77.45805855726742,257.1093966888422,0.006671086812409914
33,65.14369695110294,304.36055089085886,0.006671086812409914
34,62.17191375190639,313.1757929940428,0.006671086812409914
35,69.54042371764004,296.0674005361276,0.006671086812409914
36,78.2542403346767,263.61467912894545,0.006671086812409914
37,76.618526854885,268.59849582792805,0.006671086812409914
38,66.63037614928085,306.2687134703048,0.006671086812409914
39,61.64078379251288,325.89050696827167,0.006671086812409914
40,68.72496706118035,301.0858850222813,0.006671086812409914
41,80.11646785023798,259.56546610392934,0.006671086812409914
42,81.61498017427729,254.40189681102206,0.006671086812409914
43,71.32947713927905,293.12696512326465,0.006671086812409914
44,60.35113895063007,335.7908573217403,0.006671086812409914
45,61.18010459339105,327.66476203195396,0.006671086812409914
46,74.97916441461847,280.1432207122073,0.006671086812409914
47,91.87586077570116,223.82766482289753,0.006671086812409914
48,97.92843166650809,207.65424007514386,0.006671086812409914
49,89.2471839007352,237.03031415321533,0.006671086812409914
50,74.8696064727254,291.0887992902185,0.006671086812409914
51,67.97675727136487,314.04341400082876,0.006671086812409914
52,71.10783365235949,299.19623213765163,0.006671086812409914
53,78.18028747409838,274.10822787440986,0.006671086812409914
54,81.41770115115578,258.33730548403986,0.006671086812409914
55,76.39265735017412,269.63719819025806,0.006671086812409914
56,67.17321373905881,314.93139460231345,0.006671086812409914
57,63.18448374964485,322.3773723375925,0.006671086812409914
58,68.81902679205353,302.2091263066229,0.006671086812409914
59,77.9804661179561,267.0415487915775,0.006671086812409914
60,80.52969642148602,258.23388805184516,0.006671086812409914
61,75.56330143394499,277.9750513244124,0.006671086812409914
62,69.61466601941967,296.0715758696507,0.006671086812409914
63,68.8397647555878,293.7491680857772,0.006671086812409914
64,75.67086899603942,270.82663568913136,0.006671086812409914
65,85.32888419296782,235.33512799547017,0.006671086812409914
66,89.64379079158836,223.0247090428462,0.006671086812409914
67,82.1474128612868,248.08428497216303,0.006671086812409914
68,68.71790021160356,303.2020333683,0.006671086812409914
69,61.69973553770333,321.0397061831891,0.006671086812409914
70,66.57534264293454,307.05488364222373,0.006671086812409914
71,76.27610302685123,279.5730703815937,0.006671086812409914
72,80.75063947079629,262.04054936052137,0.006671086812409914
73,76.57466049746455,273.3295941782585,0.006671086812409914
74,68.59565899850772,302.68584334672556,0.006671086812409914
75,63.92152983176101,317.17060698587426,0.006671086812409914
76,64.62610618728331,316.89844045532664,0.006671086812409914
77,69.17675841599139,296.8093057388105,0.006671086812409914
78,70.40650745516393,289.5572370184248,0.006671086812409914
79,67.58116170560909,300.3273056184717,0.006671086812409914
80,66.56937338331353,303.9311740417009,0.006671086812409914
81,72.28498726223603,291.12249654219795,0.006671086812409914
82,81.67738746894207,258.18865697054065,0.006671086812409914
83,87.06939982223814,247.18184621787407,0.006671086812409914
84,85.03303550822608,257.1316669899211,0.006671086812409914
85,75.93161625771336,284.14902498876853,0.006671086812409914
86,66.96268703193942,316.0295652057166,0.006671086812409914
87,64.58126581459317,322.7932885220934,0.006671086812409914
88,68.60358463514629,315.3551855966644,0.006671086812409914
89,71.5644293292888,301.938445712636,0.006671086812409914
90,70.76323999561869,303.0945689063964,0.006671086812409914
91,70.15478761059597,302.94176351172104,0.006671086812409914
92,72.7378145695778,295.2849911892824,0.006671086812409914
93,75.35651797442301,290.69782957537996,0.006671086812409914
94,74.28455625627308,283.6715322883507,0.006671086812409914
95,70.22335511803854,302.3027234575283,0.006671086812409914
96,66.87545711810237,315.30688731544535,0.006671086812409914
97,66.90035851993602,313.38037989819026,0.006671086812409914
98,73.05890874844704,287.28987831778466,0.006671086812409914
99,81.46959182635568,257.4305027464818,0.006671086812409914
100,85.45815413956612,250.75004898752513,0.006671086812409914
101,81.81444015877207,265.3256086391415,0.006671086812409914
102,75.34591471109144,276.59798693401706,0.006671086812409914
103,73.8870320659749,278.7367831906638,0.006671086812409914
104,77.866867802695,264.6834952241932,0.006671086812409914
105,82.34132172507111,259.704259111782,0.006671086812409914
106,81.9471500303215,258.9488811240903,0.006671086812409914
107,76.34002627203839,278.7425556343716,0.006671086812409914
108,70.76842287765561,294.8819139248324,0.006671086812409914
109,72.0033692771257,286.74329749889176,0.006671086812409914
110,77.0939205470896,266.1192758538273,0.006671086812409914
111,77.75276059604484,265.3653875221712,0.006671086812409914
112,69.33474493180736,298.0183540548698,0.006671086812409914
113,59.396933765693774,332.44515927823966,0.006671086812409914
114,56.31838099274214,339.93433554464207,0.006671086812409914
115,62.3112452226342,314.5118125964632,0.006671086812409914
116,70.83767460077598,275.37612121120935,0.006671086812409914
117,74.63987988936327,254.2645527530527,0.006671086812409914
118,71.49104589938884,259.4638842159833,0.006671086812409914
119,65.81894087566977,288.5075147042763,0.006671086812409914
120,65.4728066848269,291.6746705122586,0.006671086812409914
121,70.64552889995753,277.73896960560796,0.006671086812409914
122,73.04969380113408,259.4791896982595,0.006671086812409914
123,69.0472892376196,264.2893516584506,0.006671086812409914
124,62.95122426748369,285.13449872711567,0.006671086812409914
125,63.29540630087459,281.1290623632193,0.006671086812409914
126,71.24904751660014,256.1069918788474,0.006671086812409914
127,79.09197084020636,223.551018982714,0.006671086812409914
128,80.33225947380089,216.0677660511037,0.006671086812409914
129,73.6339899274247,239.76137035570036,0.006671086812409914
130,64.05902497872333,282.0442956257288,0.006671086812409914
131,57.52433956859639,299.9392489054575,0.006671086812409914
132,57.561518038325175,303.20172795500696,0.006671086812409914
133,62.969055002173754,284.07021036957366,0.006671086812409914
134,69.15106438418667,261.41222191586905,0.006671086812409914
135,72.61814890065665,247.51192432507838,0.006671086812409914
136,72.24227918749732,255.25617286251133,0.006671086812409914
137,71.45152123323335,256.0761706873065,0.006671086812409914
138,70.8278915483086,257.3740818977216,0.006671086812409914
139,72.03418979914184,251.0602071708624,0.006671086812409914
140,73.09551793231351,240.62337808922192,0.006671086812409914
141,71.8987269475417,244.08808690768788,0.006671086812409914
142,69.8091024534725,255.7733662073175,0.006671086812409914
143,69.36870472818252,257.4109304612225,0.006671086812409914
144,73.91684892150073,240.25081290703463,0.006671086812409914
145,79.40479416020841,223.7017254115255,0.006671086812409914
146,80.22715022054201,230.28379937369448,0.006671086812409914
147,75.84361011142155,248.05861230363126,0.006671086812409914
148,69.36103181664541,270.4388511615365,0.006671086812409914
149,65.92047385267767,284.124582697681,0.006671086812409914
150,67.8089285167398,277.9755374515891,0.006671086812409914
151,72.3118598226786,258.7322752243948,0.006671086812409914
152,73.94699037530793,251.50147787297078,0.006671086812409914
153,70.63490667693394,265.2087409664675,0.006671086812409914
154,66.33441313178487,279.3268301009646,0.006671086812409914
155,65.1436846063528,287.8148024078298,0.006671086812409914
156,66.10860131184273,290.94529106180164,0.006671086812409914
157,67.13838874911434,288.88576442763485,0.006671086812409914
158,67.79374895229851,284.5024268968122,0.006671086812409914
159,70.22172255041619,274.03823419580937,0.006671086812409914
160,73.20734636142879,259.6787019491274,0.006671086812409914
161,74.03554801173553,255.43102855004813,0.006671086812409914
162,73.00711473597238,260.0854156822602,0.006671086812409914
163,72.29642010124789,263.45767368729275,0.006671086812409914
164,72.20418109802844,256.148004166166,0.006671086812409914
165,73.63794272754501,254.92719881160008,0.006671086812409914
166,76.58601383892416,246.50888316187172,0.006671086812409914
167,78.09470472853722,244.2729570653189,0.006671086812409914
168,75.27288821071261,257.014205877976,0.006671086812409914
169,70.54705105053881,274.03271745228153,0.006671086812409914
170,71.68793175495611,269.11612037314757,0.006671086812409914
171,78.51190863155624,242.59111064819427,0.006671086812409914
172,83.54160992380992,225.4477153195237,0.006671086812409914
173,81.43981248730628,233.91916790606808,0.006671086812409914
174,74.08841858376479,270.64553535972817,0.006671086812409914
175,67.04882741956655,292.33825240113913,0.006671086812409914
176,66.60746636391973,296.29962776529857,0.006671086812409914
177,73.50043368724323,283.4653677600249,0.006671086812409914
178,81.25560718026291,253.59002150169275,0.006671086812409914
179,82.63078552198525,251.75205743224583,0.006671086812409914
180,79.1192122659856,260.25292716491,0.006671086812409914
181,74.3982779344476,276.81889300435256,0.006671086812409914
182,72.1346365180357,287.66806999190527,0.006671086812409914
183,72.32787860983134,288.8076238007459,0.006671086812409914
184,75.02750312468746,278.27120456826003,0.006671086812409914
185,79.04514083164449,265.17174721101327,0.006671086812409914
186,81.03056801200742,257.41420473870807,0.006671086812409914
187,80.62810302789163,262.99424203592974,0.006671086812409914
188,80.16265316636945,255.64668927731455,0.006671086812409914
189,80.51833907386374,257.0957927281264,0.006671086812409914
190,80.17331396988824,251.07585284519456,0.006671086812409914
191,77.34389806069268,259.0635121074339,0.006671086812409914
192,72.73580347760715,275.27969711371753,0.006671086812409914
193,67.33315590433348,295.6233671262989,0.006671086812409914
194,64.62312794924178,300.62144527247773,0.006671086812409914
195,68.29812600384162,278.4059305966876,0.006671086812409914
196,76.43910750614725,241.85050832240577,0.006671086812409914
197,82.56021226957122,213.8008799064775,0.006671086812409914
198,80.29489604412697,213.4334586037828,0.006671086812409914
199,70.13607262977607,246.178726358594,0.006671086812409914
200,60.59005567426745,287.10277413415895,0.006671086812409914
201,59.07673222804029,294.38468234174934,0.006671086812409914
202,64.63274213677096,272.85094552844623,0.006671086812409914
203,71.35771964911132,250.8852229706123,0.006671086812409914
204,75.57103442375987,237.89876754767803,0.006671086812409914
205,76.67477090101778,235.79061000542274,0.006671086812409914
206,75.86329705905979,236.49459494943022,0.006671086812409914
207,74.90149018238543,247.99713644919632,0.006671086812409914
208,75.10525274604309,248.76539063283718,0.006671086812409914
209,74.18265597389868,254.3978568401769,0.006671086812409914
210,71.3352663605142,272.59215830428366,0.006671086812409914
211,68.5663674343862,285.64965788279693,0.006671086812409914
212,69.92775587809857,279.8809230794025,0.006671086812409914
213,76.60749826669053,255.59566341618535,0.006671086812409914
214,83.66080799122804,223.25070482724507,0.006671086812409914
215,84.49240347399478,212.56522962912638,0.006671086812409914
216,78.1640389487914,230.21259131512096,0.006671086812409914
217,69.14843583145394,264.10038235128894,0.006671086812409914
218,64.87699482866061,279.36422604066877,0.006671086812409914
219,68.54657292926045,273.89794054100327,0.006671086812409914
220,75.37608072534499,250.70330933601647,0.006671086812409914
221,77.37537541197375,243.22762597084744,0.006671086812409914
222,72.84958080372172,256.04805319110085,0.006671086812409914
223,67.45957231867934,282.82465957063346,0.006671086812409914
224,67.39074324692875,276.2849894725865,0.006671086812409914
225,69.60190946346891,270.9863903912802,0.006671086812409914
226,69.62735919648571,270.44428039197123,0.006671086812409914
227,66.18210391745363,284.3396564556123,0.006671086812409914
228,63.578421901466314,290.1081561126754,0.006671086812409914
229,66.1314081741611,269.8125731568779,0.006671086812409914
230,72.78320410174643,242.9252948587678,0.006671086812409914
231,79.48590742376119,211.2935946878683,0.006671086812409914
232,80.31837656304056,204.5474048940646,0.006671086812409914
233,74.66837701211938,224.39011584876187,0.006671086812409914
234,67.98729423039833,243.1029615347982,0.006671086812409914
235,65.92277648481024,243.79028482673124,0.006671086812409914
236,68.13804840503963,229.12030248689132,0.006671086812409914
237,70.4598432989581,222.12941534995258,0.006671086812409914
238,70.30102843261898,221.8771746758757,0.006671086812409914
239,70.64036285049288,209.59969270133558,0.006671086812409914
240,72.7637087673293,203.99145221743328,0.006671086812409914
241,75.01244722673081,203.19739185071276,0.006671086812409914
242,74.45822166983896,206.83020497785634,0.006671086812409914
243,69.77250555971749,225.31644460336094,0.006671086812409914
244,62.12709446800818,254.29705703932154,0.006671086812409914
245,57.26657046790416,272.1618827199915,0.006671086812409914
246,60.90290436766688,263.50103300587216,0.006671086812409914
247,70.98215366353529,228.46267883916335,0.006671086812409914
248,77.85741905054039,199.1446649321815,0.006671086812409914
249,76.18968199170007,200.4101556581642,0.006671086812409914
250,69.79979686223162,219.9873924605005,0.006671086812409914
251,67.22753233350905,232.46265324290658,0.006671086812409914
252,71.38346065121459,217.35029935884197,0.006671086812409914
253,76.07391704394774,202.3827721575709,0.006671086812409914
254,76.74123898421087,198.78789289580422,0.006671086812409914
255,72.52341544771241,220.14309449554966,0.006671086812409914
256,66.97051091411052,235.91297877984667,0.006671086812409914
257,66.18996413089847,239.67422257287032,0.006671086812409914
258,71.29452873518474,223.60225832029852,0.006671086812409914
259,75.14066886240406,204.7217183106938,0.006671086812409914
260,72.86845702687832,214.45470450948025,0.006671086812409914
261,66.25584669315343,237.4067927976796,0.006671086812409914
262,61.37278777370365,268.7483124754297,0.006671086812409914
263,61.37662271512693,278.91430642426093,0.006671086812409914
264,65.24668591040027,259.4017052800477,0.006671086812409914
265,70.56231922509042,238.07991268757485,0.006671086812409914
266,72.82298898535836,226.20790459216872,0.006671086812409914
267,70.40392366986615,232.62946236566162,0.006671086812409914
268,65.3547519642375,254.04930771155477,0.006671086812409914
269,62.76851033617359,258.7785552002063,0.006671086812409914
270,63.75968849382902,254.37693539306778,0.006671086812409914
271,67.36845011051133,242.6225080460988,0.006671086812409914
272,71.61605801625134,223.32729545197836,0.006671086812409914
273,72.79439490221853,219.04256909034385,0.006671086812409914
274,70.67320101209079,227.6831002444567,0.006671086812409914
275,68.94513264997101,232.63502739996292,0.006671086812409914
276,70.8928022661631,229.01500251186465,0.006671086812409914
277,74.4839385696652,216.12493368008595,0.006671086812409914
278,73.30915631437827,222.5865026889257,0.006671086812409914
279,68.54121404865217,233.5686965617122,0.006671086812409914
280,65.01905657868299,252.24480757027152,0.006671086812409914
281,66.93428885236584,244.11171606061714,0.006671086812409914
282,72.49059795993207,216.62631178371979,0.006671086812409914
283,76.04628064638987,198.6408610047803,0.006671086812409914
284,74.22233047164475,208.35121160600906,0.006671086812409914
285,69.14795707804902,223.60276960505882,0.006671086812409914
286,66.85800601867025,235.7626617504579,0.006671086812409914
287,70.4621064784175,228.56203807160793,0.006671086812409914
288,76.13855508464377,211.32342480341654,0.006671086812409914
289,76.67622476938217,204.69457998148735,0.006671086812409914
290,72.00249379498632,219.85221464033756,0.006671086812409914
291,68.84936784482599,224.81506998400664,0.006671086812409914
292,70.91978114347413,214.77578691241817,0.006671086812409914
293,75.77216878063041,200.74066873525504,0.006671086812409914
294,77.28311668124928,196.76157906402517,0.006671086812409914
295,73.33077481962675,209.10466387245825,0.006671086812409914
296,67.28830625750757,232.88652003024777,0.006671086812409914
297,66.26394223266738,237.06564340557324,0.006671086812409914
298,72.12711442888103,210.46542811918476,0.006671086812409914
299,78.34346304771488,186.02473394241864,0.006671086812409914
300,78.71517140546683,184.2965973573398,0.006671086812409914
301,72.6679779423834,205.72704584519013,0.006671086812409914
302,64.90142575376757,230.44505389650962,0.006671086812409914
303,61.13968292481757,246.58723276526533,0.006671086812409914
304,63.53733870606959,242.03080582845575,0.006671086812409914
305,67.68783281554887,232.0035749693284,0.006671086812409914
306,67.522951929893,229.26258997830266,0.006671086812409914
307,63.45545280874033,240.31099707555114,0.006671086812409914
308,61.31340235813164,245.83269979566444,0.006671086812409914
309,64.64713526914453,233.20531943567443,0.006671086812409914
310,71.76868426275483,210.09404882431298,0.006671086812409914
311,74.91139484358008,192.36438257360945,0.006671086812409914
312,71.40542660759779,203.51084920880018,0.006671086812409914
313,64.52395343782516,229.97662134994044,0.006671086812409914
314,60.248524463643875,252.42253764495388,0.006671086812409914
315,61.913807054859944,240.9660100141294,0.006671086812409914
316,66.84733210642887,230.97555461399378,0.006671086812409914
317,70.96335915140986,213.71156914359895,0.006671086812409914
318,71.07881344413994,207.39079714319686,0.006671086812409914
319,68.52295776528644,220.20492829369567,0.006671086812409914
320,68.42442078586514,220.0149164466953,0.006671086812409914
321,71.66876895361897,207.54134794567707,0.006671086812409914
322,74.13646877320758,201.8521061675562,0.006671086812409914
323,73.625561978269,199.64025805109807,0.006671086812409914
324,70.3136979490675,203.74659992631237,0.006671086812409914
325,68.24616884667319,208.42005023216822,0.006671086812409914
326,69.34483114618729,201.5444887543593,0.006671086812409914
327,72.73682580209483,189.67719033711444,0.006671086812409914
328,74.93306419259424,181.81640231799315,0.006671086812409914
329,73.81406528510362,180.68672794110168,0.006671086812409914
330,71.11362043292422,191.11929394645995,0.006671086812409914
331,68.45881833476696,199.99315036051993,0.006671086812409914
332,67.3830952567451,202.15227141291282,0.006671086812409914
333,66.75237066231679,207.21288114987922,0.006671086812409914
334,67.13023689856034,202.2227744986182,0.006671086812409914
335,69.02404198648946,189.73312100216774,0.006671086812409914
336,68.79340388383929,187.32377220300327,0.006671086812409914
337,66.30212782374525,201.32818605311172,0.006671086812409914
338,64.00335758670533,209.0949385162342,0.006671086812409914
339,65.26839869631506,204.0976437241382,0.006671086812409914
340,69.85671503053192,185.33351481598623,0.006671086812409914
341,73.2145004707408,166.49055237957674,0.006671086812409914
342,72.75610154849207,166.89582372351285,0.006671086812409914
343,68.40181642742797,185.48799700595114,0.006671086812409914
344,63.66950679645495,199.76241189658546,0.006671086812409914
345,63.84613869461207,200.50008466977692,0.006671086812409914
346,67.89861013027577,176.89505299572716,0.006671086812409914
347,70.84367919558196,158.47814177480657,0.006671086812409914
348,67.90737702527204,168.09673532868143,0.006671086812409914
349,61.07212031142174,188.8697266233416,0.006671086812409914
350,57.66699329127199,199.60298749617627,0.006671086812409914
351,60.91485369412887,185.94465420554405,0.006671086812409914
352,66.84745231266888,164.23773329021304,0.006671086812409914
353,69.37659934656062,156.39300391511063,0.006671086812409914
354,65.49702403611187,170.31892067766026,0.006671086812409914
355,59.20917390479845,190.00532814299171,0.006671086812409914
356,57.23277478611145,193.1817561305262,0.006671086812409914
357,61.1376153192474,178.3966964075303,0.006671086812409914
358,64.65368756017155,165.67312199928045,0.006671086812409914
359,63.222401351492266,172.22872187068637,0.006671086812409914
360,58.64374623720866,184.55629909587722,0.006671086812409914
361,57.53274640768494,186.21732124779132,0.006671086812409914
362,62.32416743581994,169.2047304155356,0.006671086812409914
363,68.20337984060714,148.24570682644293,0.006671086812409914
364,69.47642794572661,154.11695649057904,0.006671086812409914
365,64.30827957878644,170.83575092692723,0.006671086812409914
366,57.86880294002765,191.48390503601857,0.006671086812409914
367,58.01941369446071,191.97812885896886,0.006671086812409914
368,65.02682628813784,170.93716881335848,0.006671086812409914
369,70.84284651400358,143.8904768680223,0.006671086812409914
370,68.66260834847304,146.57829873394013,0.006671086812409914
371,61.2142232690326,176.24715528717172,0.006671086812409914
372,58.033009611049806,187.03522755906556,0.006671086812409914
373,60.552569911380324,175.69524202623097,0.006671086812409914
374,63.655603678900576,165.83857471590827,0.006671086812409914
375,61.425217333885556,171.02651151312006,0.006671086812409914
376,56.82653864411735,184.33536839441092,0.006671086812409914
377,54.8967499844243,179.87032190573277,0.006671086812409914
378,59.08604773308869,165.68230133549486,0.006671086812409914
379,66.35559512857043,147.79233350053914,0.006671086812409914
380,69.31374488065995,136.6909242580136,0.006671086812409914
381,64.65570042392697,157.77601063061525,0.006671086812409914
382,57.7813179074225,187.50367640744466,0.006671086812409914
383,56.03179978058603,201.9075705307635,0.006671086812409914
384,59.79217415461852,180.11084697967368,0.006671086812409914
385,64.23250932693185,168.78850913804706,0.006671086812409914
386,65.73919587277453,165.16553195446645,0.006671086812409914
387,64.99748956955344,170.1216037580548,0.006671086812409914
388,64.52070103810254,167.88349699121272,0.006671086812409914
389,66.33388161761192,163.1383590830003,0.006671086812409914
390,68.65085430788271,158.96172943541498,0.006671086812409914
391,68.65043880029481,162.95628181585192,0.006671086812409914
392,63.621815078767014,180.97052448995026,0.006671086812409914
393,58.89849110474735,196.8384587170664,0.006671086812409914
394,58.88944505413007,196.01161755526357,0.006671086812409914
395,61.57668622233681,183.70510764624095,0.006671086812409914
396,63.31289248579891,175.87337419802182,0.006671086812409914
397,63.38455596583546,175.16230726677347,0.006671086812409914
398,63.67816886983674,172.4400216906536,0.006671086812409914
399,64.18062634232842,175.06937011300766,0.006671086812409914
400,63.73456275420562,186.1374210648763,0.006671086812409914
401,61.78547034363408,189.62445025030976,0.006671086812409914
402,59.19245759576246,195.22437079562354,0.006671086812409914
403,58.638529589156974,197.24818750965164,0.006671086812409914
404,60.67672329069617,191.8292226808101,0.006671086812409914
405,64.94792519624953,174.43666295460332,0.006671086812409914
406,67.79590474284066,172.38491520387055,0.006671086812409914
407,67.22209175234327,172.8045820495795,0.006671086812409914
408,64.8136996377047,184.27317535098757,0.006671086812409914
409,65.19086436788976,183.2529435236331,0.006671086812409914
410,67.47476582704631,173.01315279388777,0.006671086812409914
411,69.50651987194072,169.53491773258312,0.006671086812409914
412,69.29749100871453,169.46158041833303,0.006671086812409914
413,68.02006126015647,177.51822664429568,0.006671086812409914
414,66.95483564925351,179.9472486192961,0.006671086812409914
415,66.12828502078668,181.28233005707864,0.006671086812409914
416,64.97084682891484,182.78956014036606,0.006671086812409914
417,63.049142509632304,191.43373059293734,0.006671086812409914
418,59.640138530920154,202.5070214069088,0.006671086812409914
419,58.93187764579936,206.3579028191978,0.006671086812409914
420,63.97282343552058,181.81833835031998,0.006671086812409914
421,70.9565279186493,158.28223257504294,0.006671086812409914
422,72.65425008350608,149.51773633489856,0.006671086812409914
423,66.36127538823337,174.31095617107786,0.006671086812409914
424,58.848170338422946,196.15013899897068,0.006671086812409914
425,57.17364176357836,201.96593512869833,0.006671086812409914
426,63.355136135429305,176.9279000538978,0.006671086812409914
427,71.04462027041495,155.24722868284016,0.006671086812409914
428,72.28905209124524,154.14528665138607,0.006671086812409914
429,66.08118467052707,174.30973352495224,0.006671086812409914
430,59.534249552276606,200.64129742886388,0.006671086812409914
431,60.369079005460826,197.87130995186888,0.006671086812409914
432,67.52349980873095,173.58922810800397,0.006671086812409914
433,72.21300185963274,153.01147980672374,0.006671086812409914
434,68.88970387002946,164.55820156261635,0.006671086812409914
435,61.11885220945747,195.72099698044946,0.006671086812409914
436,56.52448764603048,215.19153778884362,0.006671086812409914
437,59.77905305128442,202.3719261797148,0.006671086812409914
438,68.28036651002293,168.0573861035872,0.006671086812409914
439,72.77382463139425,149.57355316282613,0.006671086812409914
440,68.34284475110209,167.65590178339173,0.006671086812409914
441,60.659255463161955,195.53505166681728,0.006671086812409914
442,57.81980014857302,204.33267208755606,0.006671086812409914
443,61.9430523339282,199.52895871723706,0.006671086812409914
444,68.2126607359976,182.69461186540843,0.006671086812409914
445,71.65483141352678,169.36318289167872,0.006671086812409914
446,70.2007788396437,175.89873998729715,0.006671086812409914
447,65.8271180449986,190.84309702789363,0.006671086812409914
448,63.806778739113724,202.44172200111177,0.006671086812409914
449,65.64107704266155,196.84586220526143,0.006671086812409914
450,69.33994255315825,182.36475138240326,0.006671086812409914
451,70.59684503045327,176.85587218600182,0.006671086812409914
452,68.57250495761157,182.07370581086604,0.006671086812409914
453,65.43538499641272,195.7100550509136,0.006671086812409914
454,63.92183447941173,201.24425709279248,0.006671086812409914
455,65.29688304241881,199.65005899519142,0.006671086812409914
456,69.79612963749096,180.13826398742412,0.006671086812409914
457,73.11933494718656,168.01685938503604,0.006671086812409914
458,72.84575786597169,172.09787016310568,0.006671086812409914
459,69.65947609786923,183.80374808126126,0.006671086812409914
460,67.92403050332727,199.25701215684327,0.006671086812409914
461,69.89828984600001,193.46809828550167,0.006671086812409914
462,72.50648001400575,178.40360826637632,0.006671086812409914
463,72.42361179718294,179.21950879759905,0.006671086812409914
464,70.93476690702806,181.26476603910635,0.006671086812409914
465,69.20203954670298,191.10065635184992,0.006671086812409914
466,68.39251956334829,192.54249043535657,0.006671086812409914
467,69.2992972893177,191.93962516369987,0.006671086812409914
468,69.89729625007004,189.57103027537764,0.006671086812409914
469,67.6203853877528,205.43203448563116,0.006671086812409914
470,64.55757847107014,216.7408878488612,0.006671086812409914
471,63.90697948213588,223.78124822340803,0.006671086812409914
472,65.71387987904893,223.73024773523485,0.006671086812409914
473,65.21593459398221,226.59722876441873,0.006671086812409914
474,63.23665534444198,239.59364738872227,0.006671086812409914
475,63.73115751313743,241.18302818758582,0.006671086812409914
476,66.61265879306309,231.61935526428252,0.006671086812409914
477,70.11371615426847,223.34824371826258,0.006671086812409914
478,72.00438593393255,217.72006861610416,0.006671086812409914
479,71.84819368036065,221.47572407156,0.006671086812409914
480,71.59982743697554,222.36624990002943,0.006671086812409914
481,72.84016996210269,218.51429193092804,0.006671086812409914
482,76.7989908210438,207.3775040875835,0.006671086812409914
483,81.0775875689655,197.1415387255163,0.006671086812409914
484,81.68094945969712,200.72293018602318,0.006671086812409914
485,78.0288549433106,216.62337352062613,0.006671086812409914
486,73.17548657662428,231.2307132788934,0.006671086812409914
487,70.64167527702566,234.53931745408218,0.006671086812409914
488,70.88371276221689,225.40278583522598,0.006671086812409914
489,74.85453157008892,209.48486705920118,0.006671086812409914
490,79.54940902031001,189.0932644954565,0.006671086812409914
491,80.24131931761482,188.07824576203913,0.006671086812409914
492,76.0812707154958,198.59871450420223,0.006671086812409914
493,71.54884721848958,221.36425008462558,0.006671086812409914
494,70.6954499343748,228.52348637517673,0.006671086812409914
495,72.18262947292219,223.75233136963766,0.006671086812409914
496,73.51296351970011,218.3273643031452,0.006671086812409914
497,75.87258235631835,207.29484161037394,0.006671086812409914
498,78.58009813073102,204.05744345454838,0.006671086812409914
499,80.62218971459797,198.8435764564883,0.006671086812409914
500,81.08512264115731,191.97848501052317,0.006671086812409914
501,80.12990018702922,191.5350576538868,0.006671086812409914
502,77.38970292378747,204.82516147279637,0.006671086812409914
503,73.31266878547191,224.42437387153382,0.006671086812409914
504,71.86504259768068,228.07261551879242,0.006671086812409914
505,74.52699587995954,216.88620760579235,0.006671086812409914
506,77.66031629537953,214.94641807742403,0.006671086812409914
507,78.09096194007763,218.9768523792291,0.006671086812409914
508,77.43529573159935,224.13472117003474,0.006671086812409914
509,77.88804835619726,227.64900149557204,0.006671086812409914
510,75.94251433419245,238.49058883578462,0.006671086812409914
511,70.87669723926894,252.23797121824177,0.006671086812409914
512,66.31050055549369,263.72377185123685,0.006671086812409914
513,66.81376311410119,260.06554343358687,0.006671086812409914
514,71.37952617609206,243.41831145783934,0.006671086812409914
515,74.98511099719303,235.9998594124915,0.006671086812409914
516,73.78802820756287,248.00883555256075,0.006671086812409914
517,67.6388711062661,277.8567041632912,0.006671086812409914
518,62.81731018320259,286.0008120071009,0.006671086812409914
519,64.45992670976563,279.76806067457636,0.006671086812409914
520,72.18881889904145,253.3815555918344,0.006671086812409914
521,77.898193271282,243.67326698643873,0.006671086812409914
522,74.78755406769457,257.7979105850754,0.006671086812409914
523,67.80359412445355,279.06851965869305,0.006671086812409914
524,64.76325651689608,289.91847863317247,0.006671086812409914
525,68.7224666419062,280.4335603230063,0.006671086812409914
526,75.28335125853695,258.96069012024185,0.006671086812409914
527,77.72051048711134,243.31165769441367,0.006671086812409914
528,75.11235832991679,251.61735150263027,0.006671086812409914
529,70.62095703594021,268.7745836253026,0.006671086812409914
530,71.92397954285221,271.8625130174594,0.006671086812409914
531,79.55924505349176,236.18507678979375,0.006671086812409914
532,86.28337150150423,215.74753767227728,0.006671086812409914
533,85.88415377784648,216.24393044227602,0.006671086812409914
534,79.99854895545482,242.15227313164218,0.006671086812409914
535,75.70056246663614,255.31649175959132,0.006671086812409914
536,76.62914593913098,253.4166992255627,0.006671086812409914
537,79.25418255922371,237.3620899831657,0.006671086812409914
538,79.04191498191635,234.04780050523183,0.006671086812409914
539,76.64160944762361,242.073110633507,0.006671086812409914
540,74.76969178751537,253.95706453100448,0.006671086812409914
541,75.62783749419972,251.4200257056048,0.006671086812409914
542,80.05674993905299,230.03480657068738,0.006671086812409914
543,84.05550405446314,217.6920937270589,0.006671086812409914
544,82.3150852681491,222.70879502631217,0.006671086812409914
545,74.55665709613024,247.7326820667789,0.006671086812409914
546,67.27094966904644,276.53196599774304,0.006671086812409914
547,66.05329472701855,282.2766434029611,0.006671086812409914
548,69.86632114995899,265.6418016343578,0.006671086812409914
549,73.50359449635613,244.77341033012948,0.006671086812409914
550,73.96441190409779,244.044659019782,0.006671086812409914
551,71.51589609981664,253.05218400630287,0.006671086812409914
552,69.29532837509215,261.9417036988562,0.006671086812409914
553,69.55722489761712,268.29837402302877,0.006671086812409914
554,72.15904441640248,267.16590452670715,0.006671086812409914
555,74.46393240614103,257.831342251436,0.006671086812409914
556,74.3833022416895,256.48840231337084,0.006671086812409914
557,71.56506556072227,265.60846028802723,0.006671086812409914
558,69.06327388868489,272.71788916420417,0.006671086812409914
559,68.05537852084142,264.115364028929,0.006671086812409914
560,68.63744788774248,261.9413394383075,0.006671086812409914
561,70.52486396004596,255.6268429796273,0.006671086812409914
562,71.99940377365729,247.98142749640056,0.006671086812409914
563,72.13369801297458,254.8037846979523,0.006671086812409914
564,70.57864847645793,260.05688277744315,0.006671086812409914
565,69.55255990345833,258.6096112322522,0.006671086812409914
566,70.36212411445712,255.23087570550962,0.006671086812409914
567,71.09775631851312,244.26969054815163,0.006671086812409914
568,70.05724160106739,247.55514069786852,0.006671086812409914
569,69.47959035949627,245.14580861452265,0.006671086812409914
570,71.19012883994958,240.26806953197817,0.006671086812409914
571,75.62208923904521,226.67015788409753,0.006671086812409914
572,80.53780304460919,214.18949607281937,0.006671086812409914
573,83.48341494016529,203.06536889101508,0.006671086812409914
574,81.98971545160813,210.56036137490298,0.006671086812409914
575,77.6628040607716,222.33682235280085,0.006671086812409914
576,73.8023272228134,236.31355067787123,0.006671086812409914
577,74.39714590377511,237.19909729903094,0.006671086812409914
578,77.55289748029844,223.4140231051881,0.006671086812409914
579,79.23650401904253,227.91174663174098,0.006671086812409914
580,78.77216506407127,232.090754701668,0.006671086812409914
581,78.63252905493928,239.8497672339941,0.006671086812409914
582,80.60386943965719,238.206755588974,0.006671086812409914
583,82.18909497761298,234.89975117661282,0.006671086812409914
584,79.50810694681957,240.9736445585496,0.006671086812409914
585,72.36585884454564,268.90980730136476,0.006671086812409914
586,65.00194092515304,299.16922629607234,0.006671086812409914
587,64.6936603095271,295.3413172773454,0.006671086812409914
588,71.66593262653888,268.07559361012324,0.006671086812409914
589,78.60250089181768,246.33817542317672,0.006671086812409914
590,78.01576170991933,251.49551307150315,0.006671086812409914
591,71.64265775805472,273.0603865971241,0.006671086812409914
592,65.44003290436675,293.47007282147746,0.006671086812409914
593,65.01651523766026,291.0727063363445,0.006671086812409914
594,69.38093766913533,262.47786380906484,0.006671086812409914
595,73.16503020536476,254.0158161802944,0.006671086812409914
596,72.99415530537073,261.5838351437035,0.006671086812409914
597,70.47688948187758,270.8230107668528,0.006671086812409914
598,70.3882730205915,273.90300677095496,0.006671086812409914
599,75.18548640130452,256.4173465231527,0.006671086812409914
600,82.30905968925354,230.5022181693256,0.006671086812409914
601,84.38788417392382,225.8228653805153,0.006671086812409914
602,79.90943357552173,239.62131303999016,0.006671086812409914
603,73.13521203095603,265.8808151263004,0.006671086812409914
604,69.1403481884567,274.2606162105619,0.006671086812409914
605,69.3173563204732,271.41879631035584,0.006671086812409914
606,73.63936072278173,252.8106121077449,0.006671086812409914
607,79.02203632928399,239.64075750645296,0.006671086812409914
608,80.00249607200067,232.91172762444504,0.006671086812409914
609,75.40079393383039,251.7352703965297,0.006671086812409914
610,70.87854358220085,268.11405026527916,0.006671086812409914
611,71.73831169373926,269.0707533400058,0.006671086812409914
612,75.89707515806543,254.60228553501662,0.006671086812409914
613,79.3758734077143,241.73445329700272,0.006671086812409914
614,78.74964990827387,247.7724185895181,0.006671086812409914
615,74.80108779768071,260.5319927123282,0.006671086812409914
616,71.00928203250768,276.41942354579163,0.006671086812409914
617,72.92167648701688,271.10172271861387,0.006671086812409914
618,79.40748095864157,245.20413128359834,0.006671086812409914
619,84.48545655552661,231.9318219067594,0.006671086812409914
620,83.41521883207784,229.54095533433565,0.006671086812409914
621,78.11525732661993,247.46313308645819,0.006671086812409914
622,73.39288001213947,270.0382838573157,0.006671086812409914
623,72.98663447892335,268.4793564595288,0.006671086812409914
624,77.1497885484603,253.63359752440277,0.006671086812409914
625,82.91296395234498,233.98479158831495,0.006671086812409914
626,86.37419944700196,225.57437694021638,0.006671086812409914
627,83.82264745970411,228.63577243035158,0.006671086812409914
628,78.29520307808373,257.24127607831247,0.006671086812409914
629,72.95856804795758,278.7073541987062,0.006671086812409914
630,71.924406626657,277.9527452741349,0.006671086812409914
631,74.30917458464413,264.8821077657077,0.006671086812409914
632,77.90134827158008,246.94773656156045,0.006671086812409914
633,78.13400380910882,246.2279247182859,0.006671086812409914
634,74.64575934209091,258.10313786796826,0.006671086812409914
635,71.34656450737066,269.2089193975905,0.006671086812409914
636,72.03129937837011,268.0269376260134,0.006671086812409914
637,73.98836582312471,263.969191823568,0.006671086812409914
638,72.16199884916131,270.7173398553655,0.006671086812409914
639,67.5181741179538,287.512218634052,0.006671086812409914
640,65.03289029168089,296.24706960560536,0.006671086812409914
641,69.72570102795831,275.0790927022021,0.006671086812409914
642,79.16018500040366,239.51172960438106,0.006671086812409914
643,84.31086684609974,223.92120904891624,0.006671086812409914
644,81.75438787551082,239.8023066377945,0.006671086812409914
645,74.89959290118765,261.5783252844,0.006671086812409914
646,69.09987323221549,280.50000764934134,0.006671086812409914
647,68.22174236674564,272.05696348916547,0.006671086812409914
648,71.91301843913172,256.3070963220056,0.006671086812409914
649,78.67217764323858,237.34427507615277,0.006671086812409914
650,84.19521621591761,216.16364439840157,0.006671086812409914
651,85.38214441767208,214.3773549485042,0.006671086812409914
652,82.4704492395624,227.04503679493234,0.006671086812409914
653,78.53562230293512,241.0813052661068,0.006671086812409914
654,73.75134832182735,257.43824748436543,0.006671086812409914
655,69.54182440399472,271.69359932946026,0.006671086812409914
656,69.01627008698878,273.74107938214826,0.006671086812409914
657,73.61321553814471,254.19727063465814,0.006671086812409914
658,80.8841701509281,233.29235425324828,0.006671086812409914
659,83.92777480301983,222.46935744002008,0.006671086812409914
660,80.92294739389794,237.6282288131207,0.006671086812409914
661,75.62696321706886,254.62811470320017,0.006671086812409914
662,73.77671267835711,262.53809214750373,0.006671086812409914
663,75.38155632931426,258.94603563828275,0.006671086812409914
664,78.04301616694522,247.0212239024557,0.006671086812409914
665,77.79412717538281,245.60875903178115,0.006671086812409914
666,75.60046668058779,253.51375140672317,0.006671086812409914
667,73.8375638722791,257.2649040832561,0.006671086812409914
668,76.15895916621241,255.37669455479107,0.006671086812409914
669,82.10383939140246,236.34330511788153,0.006671086812409914
670,85.78517624096897,221.62743133751468,0.006671086812409914
671,83.72893826914189,232.857738779883,0.006671086812409914
672,75.12655361606355,259.50912062705396,0.006671086812409914
673,67.30148783134403,287.45336570977247,0.006671086812409914
674,66.16300124386692,287.75232310349924,0.006671086812409914
675,71.7499143406329,266.6834271668831,0.006671086812409914
676,76.70038812084633,237.1448792576597,0.006671086812409914
677,75.85068037418814,240.2642056516408,0.006671086812409914
678,69.45446150892408,267.78516114751693,0.006671086812409914
679,64.51911562064187,288.1842776094291,0.006671086812409914
680,64.86954177264542,279.4884836032145,0.006671086812409914
681,70.35702683096008,254.93329346003685,0.006671086812409914
682,75.52296296927825,232.04900283196932,0.006671086812409914
683,76.11287978200392,225.7267629791875,0.006671086812409914
684,72.73165174008098,238.39962866469986,0.006671086812409914
685,68.10284171455955,258.14379856473573,0.006671086812409914
686,65.26390237647263,273.94501835739345,0.006671086812409914
687,66.43896814578311,269.33335245770127,0.006671086812409914
688,70.79427377813231,254.1523376069083,0.006671086812409914
689,75.17390936447225,240.5509514433109,0.006671086812409914
690,77.57068288378503,233.71252375358202,0.006671086812409914
691,79.34873661272036,229.72546670045008,0.006671086812409914
692,79.85097844566454,227.7358079669301,0.006671086812409914
693,78.13251135707264,238.03586139487686,0.006671086812409914
694,74.6158964131186,255.93489704254853,0.006671086812409914
695,71.87713808536546,261.40743664683123,0.006671086812409914
696,71.14591463678259,265.3513034961003,0.006671086812409914
697,72.01994429166466,264.89581433176784,0.006671086812409914
698,72.92114880828535,264.51834555649606,0.006671086812409914
699,74.25051036330984,256.96417067560765,0.006671086812409914
700,76.46659913240268,249.4741016789716,0.006671086812409914
701,80.51979731932906,244.5282027965477,0.006671086812409914
702,84.91673967939818,226.98932271976204,0.006671086812409914
703,85.6412231880148,218.80515202860227,0.006671086812409914
704,81.28033249366277,239.79180885487568,0.006671086812409914
705,73.88553353626082,266.3778113246149,0.006671086812409914
706,68.33434617025154,295.894958676652,0.006671086812409914
707,67.92809842767099,296.4676427080366,0.006671086812409914
708,71.31055865154099,273.01371397374214,0.006671086812409914
709,74.69971978801892,253.13997948040134,0.006671086812409914
710,76.8669272589413,237.9841691865104,0.006671086812409914
711,76.03248622571388,242.08937979643324,0.006671086812409914
712,74.51727062910965,245.993340384228,0.006671086812409914
713,74.48543215571598,243.80891712210743,0.006671086812409914
714,74.8728205336145,246.77106937395692,0.006671086812409914
715,71.38488655048343,253.33758006770069,0.006671086812409914
716,63.69971392200415,279.7885763237283,0.006671086812409914
717,58.69604932394968,291.338137709259,0.006671086812409914
718,62.31437267812801,276.6350488123158,0.006671086812409914
719,72.29306710611021,244.07845102610491,0.006671086812409914
720,80.72537135925526,216.64070108415766,0.006671086812409914
721,82.2803153688553,210.7347668196942,0.006671086812409914
722,76.48648397102733,225.05784419984852,0.006671086812409914
723,68.5757455473593,254.97100881562778,0.006671086812409914
724,64.67334186952863,262.1336756008042,0.006671086812409914
725,65.09375523966253,254.1125059210476,0.006671086812409914
726,67.48702826335234,246.15066684048816,0.006671086812409914
727,69.75011307125175,234.13307648803263,0.006671086812409914
728,72.68102125633958,220.35698066539797,0.006671086812409914
729,76.45077230243902,213.20024668142483,0.006671086812409914
730,78.92289848731423,205.64950580739318,0.006671086812409914
731,76.65671160548928,215.26834181820846,0.006671086812409914
732,70.71730148659725,234.02812966707725,0.006671086812409914
733,65.28579163509497,255.56557612639952,0.006671086812409914
734,66.21318665917545,251.19620292272143,0.006671086812409914
735,71.48200354644064,227.50672172503178,0.006671086812409914
736,75.68299731934135,212.9397091421322,0.006671086812409914
737,73.01773537016766,222.18462177233548,0.006671086812409914
738,64.64559951805845,249.9446764348287,0.006671086812409914
739,60.127886290364145,268.1738944991661,0.006671086812409914
740,65.37613992041526,249.15875228234074,0.006671086812409914
741,75.6672356499162,207.18312447216113,0.006671086812409914
742,80.29794584565204,187.2438961934306,0.006671086812409914
743,75.83702053808818,207.22652653323604,0.006671086812409914
744,67.90406185952557,235.94676434413805,0.006671086812409914
745,65.90898907378092,242.42282667204782,0.006671086812409914
746,71.93993548889392,226.27547179952307,0.006671086812409914
747,80.84274102053095,195.86742569970374,0.006671086812409914
748,85.4157936384134,179.99987883440363,0.006671086812409914
749,81.91295028189462,194.98530306380616,0.006671086812409914
750,75.03334352382929,220.6701992552779,0.006671086812409914
751,70.49493949835698,236.54777274222937,0.006671086812409914
752,70.78814834005901,238.56302448253635,0.006671086812409914
753,73.11469623475851,234.09731445489905,0.006671086812409914
754,71.65302416463203,239.93568200463525,0.006671086812409914
755,66.72810955334046,252.74853222323517,0.006671086812409914
756,63.10831086936846,269.2182691638613,0.006671086812409914
757,65.63791216655173,260.3519658950615,0.006671086812409914
758,72.6423054897441,240.26154973761098,0.006671086812409914
759,78.45490863796327,218.48341450989565,0.006671086812409914
760,78.42212485876189,216.3206958544237,0.006671086812409914
761,69.77847851322942,243.95370691356482,0.006671086812409914
762,61.00995048872011,273.847661425568,0.006671086812409914
763,59.75652098936647,278.24755709364416,0.006671086812409914
764,65.2369291587786,258.5790749943921,0.006671086812409914
765,72.50387863188598,228.40793427411904,0.006671086812409914
766,75.61812285622852,218.67486083249017,0.006671086812409914
767,74.31240263638753,221.55979107832485,0.006671086812409914
768,73.07934263400796,230.21620489393308,0.006671086812409914
769,74.14431504852439,233.81108199213412,0.006671086812409914
770,76.62817805322138,229.8397140394422,0.006671086812409914
771,77.24741189442472,227.19231949929303,0.006671086812409914
772,74.76596932252285,232.17087235628605,0.006671086812409914
773,73.83230693932816,234.82901160842323,0.006671086812409914
774,75.56624594600243,221.74410919324055,0.006671086812409914
775,76.73254946382639,210.89355627860863,0.006671086812409914
776,74.49465091165355,219.34372593861886,0.006671086812409914
777,69.83116920696051,237.7297729907783,0.006671086812409914
778,68.6608926299796,243.53255149932247,0.006671086812409914
779,73.38344128113576,226.04230570132512,0.006671086812409914
780,80.09479534147661,204.11087142138462,0.006671086812409914
781,82.73620860216866,190.93187407464367,0.006671086812409914
782,77.57476394287167,209.2496408811358,0.006671086812409914
783,69.03678444694552,236.7127605367623,0.006671086812409914
784,65.02542264859598,244.93322158954743,0.006671086812409914
785,68.07303524653116,232.72906226920762,0.006671086812409914
786,74.59756871415095,209.076139522192,0.006671086812409914
787,76.67607942626225,203.18623558311356,0.006671086812409914
788,72.77767781300366,216.05271035536916,0.006671086812409914
789,70.06396303993402,222.11692586098778,0.006671086812409914
790,73.15721049244834,207.58792657512706,0.006671086812409914
791,78.86504594078747,183.65119085697768,0.006671086812409914
792,80.74054938435158,179.04995854855585,0.006671086812409914
793,76.01013926968346,198.0725186108825,0.006671086812409914
794,68.00485407985549,227.11658544808978,0.006671086812409914
795,63.073157127569075,246.8623254204041,0.006671086812409914
796,65.9604420707117,235.7514050358896,0.006671086812409914
797,71.90283526654494,214.42538597757095,0.006671086812409914
798,74.22467322443171,210.3570535189251,0.006671086812409914
799,70.96537872725062,216.64936895097975,0.006671086812409914
800,65.58983286178231,235.40575296271322,0.006671086812409914
801,63.8320560616392,234.73471822250158,0.006671086812409914
802,67.80511384306331,217.34418677333238,0.006671086812409914
803,73.34389131391367,205.43546379273607,0.006671086812409914
804,73.5202337573956,204.1294431578978,0.006671086812409914
805,66.90165184532765,230.88518385987317,0.006671086812409914
806,59.92252892599089,255.11464464613155,0.006671086812409914
807,58.55148625001986,262.8564639366691,0.006671086812409914
808,62.93475653210894,242.82153158089915,0.006671086812409914
809,68.88117124198502,227.54087596634002,0.006671086812409914
810,73.29624228495925,218.81006704956303,0.006671086812409914
811,74.52517261711057,208.35379970679094,0.006671086812409914
812,75.11856875925925,211.38703294064922,0.006671086812409914
813,74.94143587514591,206.35393243894273,0.006671086812409914
814,74.47980085682383,203.92475047402687,0.006671086812409914
815,72.8257729618791,214.49530491579694,0.006671086812409914
816,70.88781720945208,221.67393557731592,0.006671086812409914
817,70.72262052625084,222.72088321899525,0.006671086812409914
818,72.001560685534,214.6768838078976,0.006671086812409914
819,74.68905800362725,207.51680332902535,0.006671086812409914
820,77.81194404696761,190.4126470934716,0.006671086812409914
821,79.10637181124169,184.7580451408823,0.006671086812409914
822,78.6801859550543,183.30158878218288,0.006671086812409914
823,77.49244433568593,186.8163948355955,0.006671086812409914
824,76.9149073167925,193.13982910677313,0.006671086812409914
825,75.43864795614192,202.23196893066665,0.006671086812409914
826,73.57372992042097,203.43375438285494,0.006671086812409914
827,72.76365367806375,204.67989673692617,0.006671086812409914
828,73.59426772279349,204.67719697881438,0.006671086812409914
829,73.2376970722006,208.10109299104755,0.006671086812409914
830,70.18986609585612,221.16205096715996,0.006671086812409914
831,68.20745306088484,230.15186854277906,0.006671086812409914
832,70.02783935580771,226.11710177091513,0.006671086812409914
833,74.78677471763835,213.8134920722465,0.006671086812409914
834,78.53090544883892,192.5271001269493,0.006671086812409914
835,76.0730961335266,202.4306439488336,0.006671086812409914
836,67.40478813277863,234.94905401578956,0.006671086812409914
837,59.58415433604605,260.69645770962734,0.006671086812409914
838,58.6411911439255,264.42836922116436,0.006671086812409914
839,64.89694898255773,248.40877879188463,0.006671086812409914
840,71.84845981633794,222.26767907923616,0.006671086812409914
841,72.95858405493915,218.0915204583487,0.006671086812409914
842,69.56889916805076,228.46849906366094,0.006671086812409914
843,67.98818531973176,232.60522491457698,0.006671086812409914
844,71.3450274410776,223.88644328856714,0.006671086812409914
845,74.91663065776285,207.7836472524018,0.006671086812409914
846,73.5091389862879,209.62346463921696,0.006671086812409914
847,68.44959342093884,227.83711212343854,0.006671086812409914
848,66.30727962401804,240.3853085234979,0.006671086812409914
849,69.72445319950444,237.20953230019242,0.006671086812409914
850,76.03384154788753,213.35631287872454,0.006671086812409914
851,79.08836269767207,206.05897855984165,0.006671086812409914
852,76.97947982294255,215.6806574213448,0.006671086812409914
853,71.263948701407,236.81243227135244,0.006671086812409914
854,68.62524235414944,247.62061036406357,0.006671086812409914
855,71.84547115713539,241.3953849791796,0.006671086812409914
856,76.51700408663011,236.87991203735606,0.006671086812409914
857,77.20603871303247,239.56611713244473,0.006671086812409914
858,74.49458232099283,254.1518453742141,0.006671086812409914
859,72.16006395993469,262.7294145744441,0.006671086812409914
860,73.62034006036575,259.0015461049688,0.006671086812409914
861,75.6228906758837,254.74972960290293,0.006671086812409914
862,75.2243721262585,255.27194259861497,0.006671086812409914
863,70.04661921560164,261.4617254283756,0.006671086812409914
864,65.91729676251988,284.8606853260783,0.006671086812409914
865,68.50156334542815,265.5391069882999,0.006671086812409914
866,74.70777563321366,239.99041449466057,0.006671086812409914
867,76.61438167137507,228.59605912375116,0.006671086812409914
868,71.4396020890412,251.77822841115326,0.006671086812409914
869,65.47839062267639,268.68282111554385,0.006671086812409914
870,63.873411284474194,274.67895441099444,0.006671086812409914
871,67.50454034210088,256.0942100541077,0.006671086812409914
872,73.08028565536253,232.55765631173014,0.006671086812409914
873,75.71293460653857,218.9546213539746,0.006671086812409914
874,74.24415828094222,222.7629674973376,0.006671086812409914
875,71.66327117213162,229.11901149961832,0.006671086812409914
876,71.81688775378765,227.6120314960476,0.006671086812409914
877,74.07576705954587,215.86559386376413,0.006671086812409914
878,74.77777277143912,211.83443113211013,0.006671086812409914
879,73.63111227051691,216.2812601782732,0.006671086812409914
880,73.31913764714757,214.13421480242255,0.006671086812409914
881,75.79405418405878,197.93826843030058,0.006671086812409914
882,77.8295765415903,191.1448241795345,0.006671086812409914
883,76.96084369896411,195.02088086883444,0.006671086812409914
884,73.77494386529469,208.7655715192689,0.006671086812409914
885,71.02263751871038,223.53374248270762,0.006671086812409914
886,71.63453387489756,225.71334957705656,0.006671086812409914
887,73.42697923690939,217.2732877500641,0.006671086812409914
888,72.21866862218643,228.04951840431747,0.006671086812409914
889,68.52429524043487,243.71047065496145,0.006671086812409914
890,67.78768880962089,252.17266131133476,0.006671086812409914
891,71.80973709121386,239.74035626822166,0.006671086812409914
892,75.63505376372945,233.1783674552196,0.006671086812409914
893,74.16311937113838,240.69526740172677,0.006671086812409914
894,68.4073517469881,264.38990606816367,0.006671086812409914
895,64.4471493522365,280.3850911793547,0.006671086812409914
896,66.76324967776196,277.2856100350356,0.006671086812409914
897,72.08391261275413,259.3696863254583,0.006671086812409914
898,73.54401948462701,253.5210685901218,0.006671086812409914
899,67.79102960159426,275.1784744395627,0.006671086812409914
900,61.78969990574694,296.7464382366475,0.006671086812409914
901,63.76823459925757,294.59166220776893,0.006671086812409914
902,74.09536962528954,255.64179999766662,0.006671086812409914
903,83.5383753938909,221.80729711128183,0.006671086812409914
904,83.23393921641276,223.57654203637904,0.006671086812409914
905,74.49389154811105,260.58087078006776,0.006671086812409914
906,66.23681708113273,295.5800992164832,0.006671086812409914
907,64.59589334044189,304.06911957164954,0.006671086812409914
908,69.47231098160559,293.3342685165234,0.006671086812409914
909,74.82662503196073,275.35367711258493,0.006671086812409914
910,75.97104806929823,274.97629171191096,0.006671086812409914
911,75.55322776000216,270.4105133794191,0.006671086812409914
912,77.8279857221729,258.70306368746463,0.006671086812409914
913,81.27046124815104,243.32926717810201,0.006671086812409914
914,80.60462579363193,245.9277638238513,0.006671086812409914
915,72.97782167350248,280.60599318839485,0.006671086812409914
916,63.93899742595467,316.27267412548963,0.006671086812409914
917,62.26796609903664,314.2921490923848,0.006671086812409914
918,70.83730255750062,276.0784031213891,0.006671086812409914
919,82.82176120206202,231.45383188762855,0.006671086812409914
920,87.60952866364335,211.51071091501635,0.006671086812409914
921,81.59558532337505,230.68312056045406,0.006671086812409914
922,72.90633775072064,260.50589828040205,0.006671086812409914
923,70.7688560993911,266.3265883488684,0.006671086812409914
924,76.2246413236715,250.3955191917877,0.006671086812409914
925,82.29428612550086,229.18290564437802,0.006671086812409914
926,81.44661316433498,227.19739597789788,0.006671086812409914
927,75.60284042035138,246.42309320548958,0.006671086812409914
928,72.82987679001215,262.9513130193815,0.006671086812409914
929,76.8797847703865,253.82935751419322,0.006671086812409914
930,81.83768014338565,237.52396291950475,0.006671086812409914
931,80.57056127597123,239.97703057104513,0.006671086812409914
932,73.90394484335019,269.410961481082,0.006671086812409914
933,70.40620622601043,280.38716667082497,0.006671086812409914
934,74.64699914960235,264.15442863226554,0.006671086812409914
935,82.06530517739954,238.45484187283137,0.006671086812409914
936,84.38921454893591,229.31619256479198,0.006671086812409914
937,76.86477486598426,251.9314955986512,0.006671086812409914
938,66.03905891738334,292.9460340916384,0.006671086812409914
939,61.7629142847887,307.7152422416629,0.006671086812409914
940,66.50544698542026,292.30363956699205,0.006671086812409914
941,73.3246989876622,268.4966454486887,0.006671086812409914
942,76.54828709691567,258.2901144672057,0.006671086812409914
943,75.9277008023645,263.5952985673373,0.006671086812409914
944,75.22959291109677,267.36679583475836,0.006671086812409914
945,76.01946724628051,264.1606239505602,0.006671086812409914
946,74.10704519055359,268.53952084112456,0.006671086812409914
947,69.11684818495216,293.4225691054079,0.006671086812409914
948,64.93963340277404,315.22035333656197,0.006671086812409914
949,66.55720081061762,314.84793423886873,0.006671086812409914
950,71.34629257441807,291.70606210708405,0.006671086812409914
951,73.73830612793262,283.8955793375832,0.006671086812409914
952,72.33130381692246,290.61016708741903,0.006671086812409914
953,69.02839238253782,305.4080495213101,0.006671086812409914
954,68.71168044078908,310.28121470386697,0.006671086812409914
955,73.7324289013354,299.5971393052109,0.006671086812409914
956,80.24114634234232,275.7617989164733,0.006671086812409914
957,81.92224024589122,270.1563714585356,0.006671086812409914
958,77.25284825960495,283.3458037071413,0.006671086812409914
959,71.09847022234578,303.637943062092,0.006671086812409914
960,67.50207302785151,310.9638210912163,0.006671086812409914
961,69.15867292682525,308.39327866988475,0.006671086812409914
962,72.18415532769941,296.67017480362483,0.006671086812409914
963,73.1467026906812,287.8613514467472,0.006671086812409914
964,73.6973870939473,283.3141966843822,0.006671086812409914
965,77.67268526635849,278.0465998677412,0.006671086812409914
966,83.5683470109091,261.65449178108645,0.006671086812409914
967,83.91202960640149,255.20571149737015,0.006671086812409914
968,76.34815814136866,283.51745971109426,0.006671086812409914
969,68.91136784707362,317.5106353424974,0.006671086812409914
970,70.2082475407169,312.52935140199764,0.006671086812409914
971,79.97117737760382,275.3651252774139,0.006671086812409914
972,88.6253237115446,243.30941400944684,0.006671086812409914
973,86.82535365555049,246.40391374999436,0.006671086812409914
974,76.28884219726055,291.105348718306,0.006671086812409914
975,68.54048219464786,312.67913556946604,0.006671086812409914
976,73.14631847339795,299.79912648307646,0.006671086812409914
977,84.58496626970863,252.02495258301883,0.006671086812409914
978,90.92791043969748,229.24665416308778,0.006671086812409914
979,88.36884872340673,238.21137945794308,0.006671086812409914
980,81.54331888739198,266.09423145828794,0.006671086812409914
981,76.97868317185046,276.64444801464435,0.006671086812409914
982,75.38181905274881,281.4114372966914,0.006671086812409914
983,73.3688772506608,289.0080159026328,0.006671086812409914
984,68.76640595809654,309.95473561557685,0.006671086812409914
985,64.77655884035194,325.6900231435256,0.006671086812409914
986,66.88149140723162,314.20362244678125,0.006671086812409914
987,77.12370500428524,272.2005854994409,0.006671086812409914
988,86.58466515728118,246.2360091944425,0.006671086812409914
989,85.46117575876764,245.1436648769796,0.006671086812409914
990,74.15165005867892,279.5510652101064,0.006671086812409914
991,63.519844470225536,314.7073405843927,0.006671086812409914
992,61.707420820884664,329.55935948478106,0.006671086812409914
993,66.63192134997023,300.6581863834204,0.006671086812409914
994,71.66567438962684,290.9227168713969,0.006671086812409914
995,72.0812224160373,287.2945029344563,0.006671086812409914
996,70.45602356312558,294.69594476904695,0.006671086812409914
997,71.18592594285028,290.026967327311,0.006671086812409914
998,76.16724240486383,277.9512407500562,0.006671086812409914
999,79.66252488215775,273.1557172858858,0.006671086812409914
1000,77.53591340278899,279.7979678041006,0.006671086812409914
